Kennziffer;Raumeinheit;Aggregat;Anteil Siedlungs- und Verkehrsfläche;Anteil Siedlungs- und Verkehrsfläche;Siedlungsdichte;Siedlungsdichte;Anteil Erholungsfläche;Anteil Erholungsfläche;Erholungsfläche je Einwohner;Erholungsfläche je Einwohner;Anteil Freifläche;Anteil Freifläche;Freifläche je Einwohner;Freifläche je Einwohner;Anteil Landwirtschaftsfläche;Anteil Landwirtschaftsfläche;Anteil naturnähere Fläche;Anteil naturnähere Fläche;Naturnähere Fläche je Einwohner;Naturnähere Fläche je Einwohner;Anteil Waldfläche;Anteil Waldfläche;Waldfläche je Einwohner;Waldfläche je Einwohner;Anteil Wasserfläche;Anteil Wasserfläche;Wasserfläche je Einwohner;Wasserfläche je Einwohner
;;;2016;2017;2016;2017;2016;2017;2016;2017;2016;2017;2016;2017;2016;2017;2016;2017;2016;2017;2016;2017;2016;2017;2016;2017;2016;2017
"01001";"Flensburg, Stadt";"krsfr. Stadt";"52,4";"52,6";"2.941,9";"2.965,5";"3,7";"3,8";"24,1";"24,4";"52,0";"51,9";"337,6";"332,4";"23,6";"23,3";"15,0";"14,9";"97,2";"95,7";"6,3";"6,4";"41,2";"40,9";"14,5";"14,4";"93,8";"92,4"
"01002";"Kiel, Stadt";"krsfr. Stadt";"54,2";"54,4";"3.845,2";"3.844,7";"6,0";"6,0";"28,5";"28,7";"52,3";"52,3";"251,0";"250,1";"29,3";"29,2";"5,1";"5,0";"24,4";"24,2";"5,8";"5,8";"27,8";"27,7";"9,2";"9,2";"44,1";"44,0"
"01003";"Lübeck, Stadt";"krsfr. Stadt";"36,9";"37,1";"2.743,5";"2.718,6";"5,6";"5,7";"55,6";"56,8";"69,1";"69,0";"683,3";"683,1";"31,3";"31,0";"16,7";"16,8";"165,3";"166,2";"15,4";"15,4";"152,1";"152,6";"13,6";"13,6";"134,5";"134,8"
"01004";"Neumünster, Stadt";"krsfr. Stadt";"50,5";"50,7";"2.201,7";"2.184,3";"5,3";"5,3";"47,7";"48,2";"55,5";"55,3";"499,0";"499,8";"39,3";"39,0";"5,9";"6,0";"53,1";"54,1";"4,4";"4,5";"39,8";"40,5";"2,6";"2,6";"23,2";"23,3"
"01051";"Dithmarschen";"Landkreis";"11,0";"11,1";"849,7";"844,5";"0,5";"0,5";"58,4";"58,6";"89,6";"89,5";"9.581,6";"9.583,7";"75,7";"75,6";"9,5";"9,5";"1.015,7";"1.017,0";"3,7";"3,8";"399,7";"402,7";"4,7";"4,7";"506,4";"507,5"
"01053";"Herzogtum Lauenburg";"Landkreis";"11,5";"11,5";"1.344,7";"1.344,4";"0,9";"0,9";"58,9";"59,8";"89,5";"89,5";"5.795,5";"5.762,8";"57,3";"57,2";"5,1";"5,0";"328,2";"325,0";"25,9";"26,0";"1.676,9";"1.673,3";"4,1";"4,1";"266,4";"265,0"
"01054";"Nordfriesland";"Landkreis";"10,6";"10,7";"745,6";"740,7";"0,7";"0,8";"89,4";"97,5";"90,1";"90,1";"11.386,6";"11.345,4";"76,2";"76,1";"9,1";"9,1";"1.149,0";"1.145,4";"4,2";"4,2";"530,7";"528,9";"4,0";"4,0";"509,1";"507,2"
"01055";"Ostholstein";"Landkreis";"11,8";"11,9";"1.218,7";"1.208,1";"1,6";"1,6";"111,2";"113,7";"89,8";"89,8";"6.232,2";"6.235,5";"71,8";"71,7";"6,2";"6,2";"431,8";"432,8";"10,1";"10,1";"703,4";"704,6";"4,1";"4,1";"281,4";"281,8"
"01056";"Pinneberg";"Landkreis";"21,6";"21,7";"2.169,5";"2.171,7";"2,3";"2,3";"49,3";"48,7";"80,9";"80,8";"1.730,4";"1.716,5";"61,4";"61,2";"9,7";"9,7";"208,1";"206,0";"8,7";"8,8";"186,3";"187,2";"5,7";"5,7";"122,0";"120,4"
"01057";"Plön";"Landkreis";"9,5";"9,6";"1.249,1";"1.244,6";"1,2";"1,2";"96,9";"97,9";"91,7";"91,7";"7.719,9";"7.709,1";"68,1";"68,0";"11,2";"11,2";"941,7";"941,6";"11,3";"11,3";"953,1";"952,7";"10,2";"10,2";"857,8";"857,1"
"01058";"Rendsburg-Eckernförde";"Landkreis";"11,1";"11,2";"1.120,1";"1.117,2";"1,0";"1,0";"79,9";"80,4";"90,0";"89,9";"7.233,5";"7.211,6";"69,9";"69,8";"7,3";"7,3";"587,8";"587,9";"11,6";"11,6";"936,3";"934,2";"4,4";"4,4";"350,7";"349,7"
"01059";"Schleswig-Flensburg";"Landkreis";"10,9";"10,9";"882,3";"882,8";"0,6";"0,6";"65,2";"63,6";"89,8";"89,7";"9.361,3";"9.317,5";"74,3";"74,3";"7,5";"7,5";"781,6";"779,2";"7,0";"7,0";"729,4";"727,4";"5,5";"5,5";"575,1";"572,2"
"01060";"Segeberg";"Landkreis";"13,5";"13,6";"1.498,2";"1.502,6";"1,2";"1,2";"60,8";"60,6";"87,8";"87,7";"4.335,6";"4.305,0";"65,0";"64,8";"3,8";"3,9";"188,4";"189,2";"17,5";"17,5";"863,1";"858,3";"1,8";"1,8";"89,4";"89,2"
"01061";"Steinburg";"Landkreis";"11,2";"11,2";"1.120,0";"1.114,1";"0,7";"0,7";"52,9";"53,0";"89,6";"89,5";"7.171,3";"7.182,8";"71,6";"71,5";"8,3";"8,3";"665,0";"666,6";"9,3";"9,3";"746,9";"748,1";"5,7";"5,7";"459,2";"460,4"
"01062";"Stormarn";"Landkreis";"17,5";"17,7";"1.804,7";"1.784,5";"1,7";"1,8";"52,3";"56,4";"84,3";"84,2";"2.671,1";"2.660,2";"65,7";"65,3";"2,7";"2,7";"86,1";"85,7";"13,7";"13,8";"433,8";"436,0";"1,6";"1,6";"50,1";"49,8"
"02000";"Hamburg, Stadt";"krsfr. Stadt";"58,9";"59,0";"4.069,8";"4.111,3";"8,4";"8,5";"35,2";"35,1";"50,6";"50,7";"211,2";"208,9";"23,4";"23,1";"11,4";"11,6";"47,4";"47,9";"7,8";"7,9";"32,6";"32,5";"8,1";"8,1";"33,7";"33,5"
"03101";"Braunschweig, Stadt";"krsfr. Stadt";"46,9";"46,7";"2.749,5";"2.753,4";"7,5";"7,4";"58,4";"57,9";"61,1";"61,1";"473,2";"475,0";"36,5";"36,7";"5,3";"5,3";"41,4";"41,5";"13,3";"13,3";"102,7";"103,1";"2,6";"2,6";"20,0";"20,0"
"03102";"Salzgitter, Stadt";"krsfr. Stadt";"28,4";"28,2";"1.623,9";"1.649,3";"3,4";"3,2";"73,0";"68,4";"75,2";"75,2";"1.628,8";"1.615,3";"50,0";"49,9";"5,3";"5,6";"115,9";"120,4";"17,9";"18,1";"387,9";"388,7";"2,6";"2,7";"57,1";"56,9"
"03103";"Wolfsburg, Stadt";"krsfr. Stadt";"31,1";"31,4";"1.948,6";"1.930,7";"4,6";"4,6";"75,6";"76,7";"73,9";"73,6";"1.219,7";"1.216,1";"40,4";"40,5";"5,7";"5,4";"93,7";"88,4";"24,0";"23,9";"396,3";"394,3";"2,7";"2,7";"44,5";"44,9"
"03151";"Gifhorn";"Landkreis";"10,8";"10,9";"1.030,2";"1.026,0";"0,9";"0,9";"79,5";"79,1";"90,1";"90,1";"8.084,7";"8.063,4";"50,5";"50,5";"5,2";"5,1";"467,9";"453,9";"34,1";"34,1";"3.054,9";"3.056,7";"1,5";"1,5";"136,8";"131,6"
"03153";"Goslar";"Landkreis";"11,0";"10,9";"1.302,7";"1.306,3";"1,1";"1,0";"75,9";"70,7";"90,2";"90,2";"6.321,3";"6.339,7";"27,8";"28,0";"5,1";"6,0";"357,5";"418,5";"58,5";"58,5";"4.100,2";"4.110,5";"1,8";"1,8";"124,3";"124,5"
"03154";"Helmstedt";"Landkreis";"12,1";"12,2";"1.124,7";"1.113,6";"0,9";"0,9";"67,6";"66,7";"88,9";"88,8";"6.529,1";"6.548,3";"58,9";"59,0";"3,4";"3,6";"249,2";"266,7";"25,0";"25,3";"1.835,4";"1.868,4";"1,5";"1,6";"110,7";"117,2"
"03155";"Northeim";"Landkreis";"11,5";"11,6";"912,0";"904,3";"0,9";"0,9";"87,7";"89,2";"89,5";"89,4";"8.495,7";"8.528,1";"48,2";"48,3";"2,4";"2,5";"224,7";"241,2";"38,9";"38,8";"3.695,7";"3.700,1";"1,1";"1,0";"99,8";"99,9"
"03157";"Peine";"Landkreis";"17,9";"17,9";"1.388,5";"1.386,5";"1,6";"1,6";"65,6";"65,0";"83,9";"83,8";"3.384,1";"3.370,7";"68,6";"68,5";"4,3";"4,3";"172,9";"172,0";"10,4";"10,4";"420,5";"418,4";"2,2";"2,2";"90,1";"90,4"
"03158";"Wolfenbüttel";"Landkreis";"12,1";"12,1";"1.375,0";"1.369,5";"1,2";"1,2";"73,9";"72,4";"89,2";"89,2";"5.342,8";"5.361,7";"67,1";"67,1";"2,4";"2,5";"145,4";"147,4";"19,3";"19,3";"1.156,2";"1.163,3";"1,1";"1,1";"65,8";"66,8"
"03159";"Göttingen";"Landkreis";"13,4";"13,6";"1.390,5";"1.376,0";"1,3";"1,3";"70,3";"68,2";"88,0";"87,8";"4.724,8";"4.699,3";"42,3";"42,3";"2,0";"2,0";"109,2";"107,8";"42,6";"42,4";"2.288,6";"2.271,2";"1,1";"1,1";"61,0";"60,1"
"03241";"Region Hannover";"Landkreis";"22,2";"22,2";"2.253,0";"2.263,6";"2,9";"2,8";"57,2";"56,4";"80,9";"80,9";"1.617,8";"1.612,1";"51,8";"51,9";"6,1";"6,1";"121,9";"121,6";"20,1";"20,1";"401,4";"400,5";"3,1";"3,0";"61,0";"60,8"
"03251";"Diepholz";"Landkreis";"12,5";"12,6";"862,6";"863,8";"0,7";"0,7";"61,4";"62,5";"88,2";"88,2";"8.163,8";"8.126,7";"70,1";"70,0";"7,4";"7,4";"681,8";"684,8";"10,2";"10,3";"945,3";"945,5";"2,0";"2,0";"184,5";"182,3"
"03252";"Hameln-Pyrmont";"Landkreis";"14,3";"14,3";"1.295,8";"1.297,1";"1,5";"1,5";"80,1";"79,8";"87,3";"87,3";"4.694,5";"4.693,7";"51,8";"51,8";"2,3";"2,2";"121,4";"120,4";"31,9";"32,0";"1.718,5";"1.718,5";"1,4";"1,4";"74,3";"75,3"
"03254";"Hildesheim";"Landkreis";"15,4";"15,3";"1.492,4";"1.491,9";"1,6";"1,5";"68,8";"67,1";"86,3";"86,3";"3.762,4";"3.770,1";"58,1";"58,1";"2,5";"2,5";"107,8";"108,7";"24,4";"24,5";"1.063,5";"1.068,8";"1,4";"1,4";"59,5";"60,7"
"03255";"Holzminden";"Landkreis";"10,7";"10,7";"964,7";"960,2";"1,1";"1,0";"102,9";"102,3";"90,5";"90,5";"8.782,0";"8.826,9";"41,4";"41,5";"2,7";"2,6";"257,3";"255,1";"45,8";"46,0";"4.443,4";"4.484,6";"1,2";"1,2";"113,4";"114,3"
"03256";"Nienburg (Weser)";"Landkreis";"11,3";"11,4";"764,4";"763,5";"0,6";"0,6";"65,3";"68,4";"89,3";"89,3";"10.292,8";"10.297,6";"63,5";"63,4";"6,0";"6,0";"695,9";"697,6";"18,7";"18,9";"2.150,8";"2.178,5";"2,3";"2,3";"269,4";"262,0"
"03257";"Schaumburg";"Landkreis";"18,0";"17,9";"1.297,6";"1.309,0";"1,2";"1,2";"51,8";"49,3";"83,4";"83,4";"3.574,6";"3.571,3";"53,9";"53,8";"2,7";"2,9";"115,9";"122,7";"25,8";"26,0";"1.104,1";"1.110,7";"1,7";"1,7";"74,9";"74,4"
"03351";"Celle";"Landkreis";"11,8";"11,9";"972,4";"969,4";"1,0";"1,0";"86,6";"89,2";"89,3";"89,3";"7.763,1";"7.743,3";"36,5";"36,4";"6,8";"6,8";"590,7";"589,5";"46,5";"46,5";"4.038,6";"4.037,5";"1,5";"1,5";"126,2";"126,1"
"03352";"Cuxhaven";"Landkreis";"11,4";"11,5";"847,8";"837,4";"0,8";"0,8";"78,4";"79,1";"89,4";"89,3";"9.269,8";"9.285,7";"72,5";"72,4";"7,8";"7,7";"810,5";"800,4";"9,1";"9,2";"947,6";"957,6";"2,6";"2,6";"269,1";"274,9"
"03353";"Harburg";"Landkreis";"16,7";"16,7";"1.203,5";"1.203,3";"1,4";"1,4";"72,2";"70,3";"84,9";"84,8";"4.233,5";"4.207,5";"50,0";"50,4";"5,0";"5,0";"248,0";"248,5";"28,5";"28,3";"1.419,3";"1.404,6";"1,9";"1,9";"93,8";"93,0"
"03354";"Lüchow-Dannenberg";"Landkreis";"8,1";"8,1";"489,4";"484,9";"0,3";"0,3";"87,5";"88,3";"92,3";"92,3";"23.192,2";"23.417,5";"51,2";"51,1";"3,8";"3,8";"957,7";"968,6";"37,2";"37,4";"9.361,2";"9.481,2";"2,2";"2,2";"556,7";"554,0"
"03355";"Lüneburg";"Landkreis";"11,5";"11,5";"1.192,8";"1.194,6";"1,1";"1,1";"82,5";"78,1";"89,8";"89,6";"6.561,9";"6.506,5";"50,8";"51,1";"5,3";"4,7";"386,9";"341,9";"32,8";"33,3";"2.397,2";"2.415,1";"2,5";"2,6";"185,2";"185,5"
"03356";"Osterholz";"Landkreis";"15,3";"15,3";"1.128,5";"1.129,0";"1,0";"1,0";"60,3";"60,2";"85,8";"85,7";"4.968,9";"4.948,1";"65,9";"65,8";"7,8";"7,9";"453,8";"453,2";"11,9";"11,9";"689,0";"687,9";"2,4";"2,4";"137,5";"137,8"
"03357";"Rotenburg (Wümme)";"Landkreis";"11,0";"11,0";"713,4";"714,7";"0,7";"0,7";"88,2";"85,0";"89,7";"89,7";"11.393,6";"11.392,6";"66,5";"66,5";"6,2";"6,2";"789,4";"788,7";"17,1";"17,2";"2.171,2";"2.190,6";"0,9";"0,9";"118,6";"119,5"
"03358";"Heidekreis";"Landkreis";"9,8";"10,3";"760,7";"716,8";"0,9";"1,0";"121,5";"131,9";"91,2";"90,7";"12.288,4";"12.270,8";"39,2";"39,3";"16,0";"10,5";"2.157,5";"1.419,9";"35,9";"40,9";"4.839,4";"5.535,4";"0,9";"1,0";"120,7";"130,0"
"03359";"Stade";"Landkreis";"12,5";"12,5";"1.270,5";"1.277,8";"0,7";"0,7";"41,3";"42,3";"88,2";"88,3";"5.545,2";"5.543,0";"70,3";"70,4";"9,7";"9,7";"611,4";"609,2";"7,2";"7,2";"455,5";"452,8";"6,8";"6,8";"424,7";"424,5"
"03360";"Uelzen";"Landkreis";"8,7";"8,7";"730,7";"726,7";"0,6";"0,6";"90,7";"93,3";"91,9";"91,9";"14.465,0";"14.496,8";"52,4";"52,4";"5,7";"4,7";"892,8";"749,1";"33,5";"34,6";"5.274,6";"5.456,1";"0,7";"0,7";"113,7";"112,0"
"03361";"Verden";"Landkreis";"15,0";"15,0";"1.147,7";"1.153,0";"1,1";"1,1";"64,6";"64,4";"86,2";"86,2";"5.009,8";"4.981,4";"67,2";"67,3";"5,0";"5,0";"293,1";"289,2";"13,4";"13,4";"775,9";"773,0";"2,4";"2,3";"140,6";"133,4"
"03401";"Delmenhorst, Stadt";"krsfr. Stadt";"48,1";"48,1";"2.564,7";"2.578,9";"3,2";"3,3";"26,0";"26,6";"55,6";"55,6";"450,5";"448,3";"44,8";"44,8";"4,9";"4,7";"39,7";"37,9";"3,3";"3,3";"27,1";"26,8";"2,0";"2,0";"16,4";"16,1"
"03402";"Emden, Stadt";"krsfr. Stadt";"27,8";"27,8";"1.618,1";"1.621,5";"1,9";"2,3";"43,0";"51,4";"74,4";"74,7";"1.654,9";"1.659,3";"61,0";"61,4";"8,8";"8,4";"196,3";"186,5";"1,5";"1,7";"32,3";"38,3";"7,2";"7,2";"160,4";"160,1"
"03403";"Oldenburg (Oldenburg), Stadt";"krsfr. Stadt";"59,3";"59,2";"2.709,9";"2.738,1";"5,8";"5,7";"36,1";"35,4";"46,9";"47,0";"292,0";"289,9";"28,6";"28,5";"8,8";"9,0";"54,7";"55,8";"6,5";"6,8";"40,7";"42,1";"3,9";"3,8";"24,4";"23,3"
"03404";"Osnabrück, Stadt";"krsfr. Stadt";"49,5";"49,3";"2.768,2";"2.781,3";"4,5";"4,5";"33,2";"33,1";"55,8";"56,0";"407,6";"407,9";"31,1";"31,3";"2,8";"2,8";"20,7";"20,6";"17,1";"16,9";"124,5";"123,3";"1,5";"1,6";"11,0";"11,3"
"03405";"Wilhelmshaven, Stadt";"krsfr. Stadt";"45,4";"44,9";"1.568,9";"1.586,9";"4,8";"4,7";"66,8";"66,4";"59,7";"60,1";"838,7";"843,6";"38,3";"38,8";"12,8";"12,7";"179,7";"178,2";"10,3";"10,2";"144,4";"143,1";"5,5";"5,5";"77,8";"77,7"
"03451";"Ammerland";"Landkreis";"17,3";"17,3";"972,6";"975,4";"1,3";"1,4";"80,4";"80,7";"84,1";"84,1";"5.009,0";"4.980,0";"68,0";"67,9";"4,6";"4,7";"275,1";"278,2";"10,7";"10,7";"637,5";"635,7";"2,5";"2,6";"149,5";"152,2"
"03452";"Aurich";"Landkreis";"14,7";"14,8";"1.001,7";"998,5";"1,1";"1,1";"74,7";"75,7";"86,4";"86,4";"5.853,7";"5.855,7";"73,1";"72,2";"8,5";"9,3";"573,7";"631,4";"4,2";"4,3";"285,1";"291,3";"3,1";"3,2";"212,5";"219,3"
"03453";"Cloppenburg";"Landkreis";"14,0";"14,1";"832,0";"841,2";"1,0";"1,0";"83,5";"87,0";"87,0";"87,0";"7.445,1";"7.359,7";"67,3";"67,1";"5,1";"5,2";"439,2";"442,3";"13,8";"13,9";"1.179,5";"1.174,8";"1,7";"1,7";"148,0";"146,1"
"03454";"Emsland";"Landkreis";"13,6";"13,7";"819,8";"821,0";"0,7";"0,8";"65,1";"67,0";"87,2";"87,1";"7.822,3";"7.763,6";"60,5";"60,5";"8,2";"7,9";"740,0";"702,9";"17,9";"18,4";"1.603,3";"1.637,7";"2,8";"2,6";"249,5";"229,0"
"03455";"Friesland";"Landkreis";"16,3";"16,3";"988,0";"993,4";"1,3";"1,3";"79,4";"79,6";"85,0";"85,1";"5.264,3";"5.263,8";"72,2";"72,3";"5,0";"4,9";"308,0";"304,7";"7,3";"7,4";"454,4";"456,3";"2,6";"2,5";"163,3";"153,1"
"03456";"Grafschaft Bentheim";"Landkreis";"14,4";"14,4";"958,6";"958,4";"1,0";"1,0";"73,7";"74,3";"86,7";"86,7";"6.266,2";"6.261,9";"63,8";"63,7";"6,2";"6,4";"446,0";"459,7";"16,3";"16,6";"1.180,5";"1.196,6";"2,2";"2,2";"156,0";"156,0"
"03457";"Leer";"Landkreis";"15,0";"15,1";"1.030,3";"1.030,3";"0,6";"0,6";"41,6";"41,6";"85,7";"85,6";"5.528,0";"5.501,6";"71,2";"71,0";"12,0";"12,1";"774,1";"780,7";"3,0";"3,3";"193,6";"211,0";"6,0";"5,9";"386,3";"381,8"
"03458";"Oldenburg";"Landkreis";"14,3";"14,2";"851,5";"858,0";"1,2";"1,2";"95,1";"95,0";"86,9";"87,0";"7.147,5";"7.128,4";"63,8";"63,7";"3,7";"3,8";"305,8";"309,4";"19,3";"19,4";"1.585,4";"1.589,7";"1,3";"1,3";"103,8";"102,5"
"03459";"Osnabrück";"Landkreis";"14,7";"14,8";"1.137,7";"1.137,2";"0,8";"0,8";"49,5";"49,8";"86,2";"86,2";"5.156,0";"5.134,2";"62,0";"62,1";"3,4";"3,4";"201,9";"202,7";"20,4";"20,3";"1.217,0";"1.206,6";"1,8";"1,8";"105,5";"105,0"
"03460";"Vechta";"Landkreis";"16,8";"16,9";"1.022,9";"1.024,3";"1,1";"1,0";"62,0";"60,6";"84,3";"84,2";"4.916,9";"4.880,8";"65,0";"65,0";"4,6";"4,8";"270,1";"277,5";"13,8";"13,8";"803,0";"801,2";"1,5";"1,5";"87,4";"87,2"
"03461";"Wesermarsch";"Landkreis";"11,9";"11,9";"910,6";"906,4";"0,9";"0,9";"80,5";"85,0";"89,0";"89,0";"8.223,5";"8.250,0";"80,0";"79,9";"6,6";"6,5";"605,2";"606,0";"1,8";"2,0";"169,0";"181,8";"4,6";"4,6";"427,0";"428,5"
"03462";"Wittmund";"Landkreis";"11,1";"11,2";"777,7";"769,0";"0,5";"0,5";"52,0";"55,0";"89,4";"89,3";"10.318,9";"10.338,1";"75,8";"75,6";"7,5";"7,6";"865,1";"876,9";"6,0";"6,1";"697,1";"711,1";"2,2";"2,3";"256,0";"262,3"
"04011";"Bremen, Stadt";"krsfr. Stadt";"59,2";"59,2";"2.931,9";"2.939,7";"9,5";"9,7";"54,6";"56,0";"51,1";"51,3";"294,7";"294,6";"30,9";"30,8";"7,8";"7,9";"44,8";"45,2";"1,7";"1,7";"9,6";"9,6";"7,3";"7,3";"42,0";"41,8"
"04012";"Bremerhaven, Stadt";"krsfr. Stadt";"46,9";"46,9";"2.569,0";"2.568,2";"7,3";"7,4";"61,0";"61,0";"61,0";"61,0";"506,3";"506,3";"19,7";"19,7";"29,7";"29,7";"246,7";"246,6";"3,9";"3,9";"32,0";"32,0";"27,2";"27,2";"225,2";"225,3"
"05111";"Düsseldorf, Stadt";"krsfr. Stadt";"60,5";"61,1";"4.663,0";"4.643,6";"9,3";"9,7";"33,0";"34,1";"50,1";"49,8";"177,6";"175,5";"20,0";"19,2";"8,0";"8,3";"28,5";"29,3";"12,0";"12,2";"42,4";"43,0";"6,2";"6,1";"22,0";"21,4"
"05112";"Duisburg, Stadt";"krsfr. Stadt";"61,4";"60,9";"3.496,9";"3.515,2";"8,3";"8,5";"38,6";"39,7";"48,0";"48,7";"223,6";"227,8";"18,9";"17,6";"11,0";"13,6";"51,2";"63,5";"8,9";"10,3";"41,4";"48,1";"8,5";"8,5";"39,5";"39,6"
"05113";"Essen, Stadt";"krsfr. Stadt";"67,6";"67,1";"4.101,9";"4.134,3";"11,9";"11,9";"42,8";"42,9";"45,9";"46,5";"165,7";"167,5";"15,7";"15,6";"4,7";"5,2";"16,8";"18,9";"13,7";"14,1";"49,3";"50,9";"2,7";"2,5";"9,6";"9,2"
"05114";"Krefeld, Stadt";"krsfr. Stadt";"56,0";"55,9";"2.938,7";"2.942,2";"9,3";"9,3";"56,6";"56,7";"54,2";"54,3";"329,3";"330,1";"30,8";"30,8";"4,8";"4,8";"29,2";"29,3";"9,6";"9,7";"58,4";"58,7";"3,0";"3,0";"18,2";"18,1"
"05116";"Mönchengladbach, Stadt";"krsfr. Stadt";"49,5";"49,6";"3.090,1";"3.100,6";"5,9";"5,9";"38,7";"38,4";"57,4";"57,3";"374,8";"372,4";"38,3";"38,2";"2,7";"2,7";"17,3";"17,4";"10,9";"11,0";"71,2";"71,2";"0,4";"0,4";"2,7";"2,6"
"05117";"Mülheim an der Ruhr, Stadt";"krsfr. Stadt";"55,5";"55,6";"3.373,5";"3.377,3";"8,1";"8,0";"43,0";"42,9";"53,7";"53,7";"286,8";"286,0";"22,8";"22,7";"4,2";"4,0";"22,3";"21,3";"19,1";"19,2";"102,3";"102,2";"2,1";"2,1";"11,4";"11,4"
"05119";"Oberhausen, Stadt";"krsfr. Stadt";"74,0";"73,6";"3.706,5";"3.724,8";"11,3";"11,4";"41,2";"41,5";"38,5";"38,9";"140,4";"142,0";"8,8";"8,7";"5,2";"5,3";"18,8";"19,4";"14,0";"14,4";"51,0";"52,5";"1,1";"1,1";"4,1";"4,0"
"05120";"Remscheid, Stadt";"krsfr. Stadt";"43,9";"43,6";"3.380,5";"3.400,5";"5,7";"5,7";"38,5";"38,5";"62,5";"62,8";"420,9";"422,9";"23,0";"22,8";"3,2";"3,5";"21,6";"23,7";"31,3";"31,7";"210,7";"213,8";"1,6";"1,6";"10,8";"10,9"
"05122";"Solingen, Stadt";"krsfr. Stadt";"48,6";"48,5";"3.653,9";"3.659,1";"6,1";"5,9";"34,5";"33,5";"58,5";"58,5";"329,9";"329,6";"23,0";"22,5";"3,8";"4,2";"21,6";"23,7";"26,9";"27,4";"151,3";"154,7";"1,3";"1,2";"7,1";"6,7"
"05124";"Wuppertal, Stadt";"krsfr. Stadt";"49,0";"49,1";"4.270,9";"4.280,2";"7,4";"7,3";"35,2";"34,6";"59,2";"59,1";"282,9";"281,3";"20,1";"20,0";"3,8";"4,0";"18,2";"19,1";"28,2";"28,3";"134,6";"134,6";"1,1";"1,1";"5,4";"5,4"
"05154";"Kleve";"Landkreis";"16,9";"16,9";"1.493,5";"1.489,4";"1,8";"1,9";"71,0";"73,7";"85,0";"85,0";"3.379,1";"3.367,8";"63,7";"63,5";"5,2";"5,4";"207,4";"213,1";"14,6";"14,7";"580,6";"583,8";"3,9";"3,8";"153,6";"150,9"
"05158";"Mettmann";"Landkreis";"39,8";"39,7";"2.991,7";"3.002,7";"6,1";"6,0";"50,9";"50,5";"66,8";"66,8";"560,7";"560,4";"36,6";"36,5";"4,1";"4,2";"34,6";"35,5";"20,2";"20,4";"170,1";"171,1";"2,0";"2,0";"16,9";"16,5"
"05162";"Rhein-Kreis Neuss";"Landkreis";"31,1";"31,3";"2.494,9";"2.494,4";"3,8";"3,8";"48,3";"48,7";"68,5";"71,9";"882,1";"921,9";"53,0";"52,7";"3,4";"3,5";"43,3";"44,7";"7,5";"7,5";"96,3";"96,3";"2,8";"2,9";"35,7";"37,0"
"05166";"Viersen";"Landkreis";"25,8";"25,9";"2.049,7";"2.044,6";"2,2";"2,3";"42,5";"42,7";"76,6";"76,6";"1.446,4";"1.443,5";"51,6";"51,5";"5,2";"5,2";"97,8";"98,6";"19,2";"19,3";"362,9";"363,5";"1,9";"1,9";"35,3";"35,6"
"05170";"Wesel";"Landkreis";"22,4";"22,5";"1.972,7";"1.964,1";"2,9";"3,1";"64,5";"69,3";"80,6";"80,7";"1.819,9";"1.827,8";"52,6";"52,1";"8,2";"8,8";"186,2";"199,2";"18,1";"18,5";"408,9";"417,7";"4,6";"4,7";"104,3";"106,5"
"05314";"Bonn, Stadt";"krsfr. Stadt";"50,8";"50,8";"4.497,7";"4.539,6";"4,7";"4,7";"20,4";"20,2";"54,9";"54,8";"240,4";"237,7";"16,0";"15,9";"5,0";"5,0";"21,9";"21,7";"28,2";"28,3";"123,7";"122,6";"3,9";"4,0";"17,3";"17,1"
"05315";"Köln, Stadt";"krsfr. Stadt";"61,0";"61,0";"4.352,7";"4.374,6";"11,0";"11,0";"41,5";"41,3";"51,2";"51,3";"192,8";"192,2";"16,5";"16,5";"8,7";"8,7";"32,7";"32,7";"16,6";"16,7";"62,6";"62,7";"4,8";"4,8";"18,0";"17,9"
"05316";"Leverkusen, Stadt";"krsfr. Stadt";"59,0";"58,8";"3.507,8";"3.526,9";"9,1";"9,0";"44,0";"43,3";"51,0";"51,0";"246,4";"245,9";"22,9";"22,8";"6,6";"6,9";"31,9";"33,1";"13,1";"13,4";"63,6";"64,7";"4,3";"4,3";"20,8";"20,8"
"05334";"Städteregion Aachen";"Landkreis";"27,7";"27,9";"2.824,8";"2.807,8";"2,3";"2,5";"29,0";"32,4";"75,0";"75,1";"960,1";"957,8";"38,3";"37,9";"3,1";"3,3";"39,8";"41,8";"31,3";"31,7";"400,6";"404,0";"1,5";"1,5";"19,3";"18,9"
"05358";"Düren";"Landkreis";"16,2";"16,2";"1.721,3";"1.720,7";"1,4";"1,4";"51,8";"51,8";"85,4";"85,4";"3.070,0";"3.057,6";"55,3";"55,2";"3,6";"3,6";"127,9";"128,0";"20,9";"20,9";"749,5";"747,3";"1,7";"1,7";"60,9";"60,8"
"05362";"Rhein-Erft-Kreis";"Landkreis";"27,4";"27,5";"2.411,5";"2.409,9";"2,8";"2,8";"42,1";"42,4";"75,7";"75,6";"1.145,2";"1.139,9";"51,9";"51,7";"4,2";"4,2";"63,0";"63,9";"13,7";"13,8";"206,8";"207,4";"1,6";"1,6";"24,6";"24,6"
"05366";"Euskirchen";"Landkreis";"13,4";"13,4";"1.145,1";"1.149,3";"1,3";"1,4";"85,8";"88,0";"88,0";"88,0";"5.748,7";"5.722,5";"46,5";"46,3";"2,9";"3,0";"189,1";"197,0";"38,6";"38,7";"2.519,3";"2.515,0";"0,9";"0,9";"57,7";"55,7"
"05370";"Heinsberg";"Landkreis";"22,8";"22,8";"1.767,4";"1.765,7";"2,2";"2,6";"55,6";"64,9";"79,7";"80,0";"1.979,8";"1.983,8";"63,4";"62,6";"2,0";"2,2";"50,7";"54,3";"11,7";"11,8";"289,6";"293,9";"1,2";"1,1";"29,7";"27,1"
"05374";"Oberbergischer Kreis";"Landkreis";"19,7";"19,7";"1.509,3";"1.504,9";"1,8";"1,9";"60,9";"65,0";"82,3";"82,3";"2.767,4";"2.771,6";"38,1";"38,1";"2,9";"2,8";"95,9";"95,2";"39,9";"40,0";"1.343,7";"1.346,3";"1,8";"1,8";"60,7";"59,8"
"05378";"Rheinisch-Bergischer Kreis";"Landkreis";"24,8";"25,0";"2.611,1";"2.594,7";"2,1";"2,2";"32,1";"34,0";"77,5";"77,5";"1.196,4";"1.195,6";"36,1";"35,8";"2,7";"2,8";"42,0";"43,3";"36,8";"37,0";"568,4";"571,3";"1,7";"1,7";"26,3";"25,9"
"05382";"Rhein-Sieg-Kreis";"Landkreis";"23,9";"23,9";"2.170,8";"2.169,4";"2,7";"3,0";"52,5";"56,8";"79,0";"79,2";"1.524,3";"1.524,4";"42,1";"41,8";"3,8";"4,0";"73,1";"76,1";"31,0";"31,3";"597,3";"602,3";"2,0";"2,0";"38,8";"38,0"
"05512";"Bottrop, Stadt";"krsfr. Stadt";"43,7";"43,5";"2.669,0";"2.682,0";"6,1";"6,1";"52,4";"52,4";"62,9";"63,2";"539,3";"541,5";"28,9";"28,9";"4,5";"4,8";"38,2";"41,5";"23,3";"23,5";"199,4";"201,1";"2,0";"1,7";"16,8";"14,4"
"05513";"Gelsenkirchen, Stadt";"krsfr. Stadt";"72,4";"72,3";"3.455,2";"3.430,5";"11,9";"11,5";"47,6";"46,3";"41,2";"40,9";"164,6";"164,7";"12,2";"12,1";"6,4";"6,3";"25,6";"25,5";"12,4";"12,6";"49,7";"50,9";"2,6";"1,4";"10,2";"5,5"
"05515";"Münster, Stadt";"krsfr. Stadt";"33,4";"33,5";"3.078,4";"3.087,7";"4,7";"4,7";"45,8";"45,8";"71,5";"71,4";"695,3";"690,9";"44,7";"44,3";"5,8";"6,2";"56,8";"59,6";"17,8";"17,7";"173,2";"170,9";"2,1";"2,0";"20,4";"19,0"
"05554";"Borken";"Landkreis";"17,2";"17,2";"1.513,2";"1.512,1";"1,2";"1,2";"44,5";"44,2";"84,1";"84,0";"3.235,9";"3.230,0";"64,9";"64,7";"3,8";"4,1";"145,2";"156,9";"15,4";"15,5";"591,1";"594,6";"1,6";"1,6";"62,4";"60,0"
"05558";"Coesfeld";"Landkreis";"13,7";"13,8";"1.439,2";"1.433,2";"1,3";"1,4";"68,1";"71,2";"87,7";"87,7";"4.454,4";"4.446,6";"67,3";"67,1";"3,8";"4,0";"194,9";"201,4";"16,4";"16,4";"831,5";"832,9";"1,8";"1,8";"93,1";"93,3"
"05562";"Recklinghausen";"Landkreis";"32,7";"32,6";"2.477,7";"2.484,3";"3,3";"3,5";"41,0";"43,0";"71,1";"71,3";"876,6";"880,3";"36,7";"36,3";"4,9";"5,2";"60,9";"64,2";"25,9";"26,8";"319,9";"330,2";"3,2";"3,0";"39,6";"37,1"
"05566";"Steinfurt";"Landkreis";"17,7";"17,8";"1.401,4";"1.400,9";"1,2";"1,2";"49,6";"50,1";"83,7";"83,6";"3.380,9";"3.361,6";"64,6";"64,2";"3,6";"3,9";"144,4";"155,6";"15,0";"15,2";"605,2";"611,1";"1,6";"1,6";"66,1";"63,5"
"05570";"Warendorf";"Landkreis";"14,4";"14,5";"1.459,7";"1.449,3";"1,4";"1,4";"65,2";"68,1";"87,1";"87,1";"4.136,7";"4.139,6";"69,7";"69,5";"3,2";"3,3";"150,4";"157,0";"13,4";"13,5";"635,7";"641,8";"1,9";"1,9";"88,6";"89,0"
"05711";"Bielefeld, Stadt";"krsfr. Stadt";"43,1";"43,3";"2.989,5";"2.967,9";"5,4";"5,5";"41,9";"42,7";"63,0";"62,9";"489,0";"489,6";"33,9";"33,6";"2,3";"2,4";"18,1";"18,5";"22,0";"22,1";"170,5";"171,6";"0,7";"0,7";"5,7";"5,7"
"05754";"Gütersloh";"Landkreis";"21,6";"21,7";"1.727,0";"1.723,1";"1,9";"1,9";"50,3";"51,9";"80,4";"80,3";"2.153,6";"2.144,9";"60,6";"60,1";"4,1";"4,5";"111,0";"121,0";"14,5";"14,7";"389,2";"393,5";"1,4";"1,3";"37,4";"35,9"
"05758";"Herford";"Landkreis";"30,4";"30,5";"1.833,3";"1.830,7";"1,8";"1,8";"32,0";"32,7";"71,7";"71,7";"1.286,8";"1.283,4";"58,9";"58,7";"1,9";"2,0";"33,3";"35,2";"9,2";"9,3";"165,4";"167,4";"1,1";"1,1";"19,3";"19,4"
"05762";"Höxter";"Landkreis";"10,8";"10,9";"1.097,1";"1.081,1";"0,7";"0,8";"58,4";"64,5";"90,0";"89,9";"7.622,7";"7.632,7";"58,3";"58,0";"1,9";"2,0";"160,9";"169,8";"29,7";"29,8";"2.511,3";"2.525,4";"1,0";"0,9";"82,0";"80,5"
"05766";"Lippe";"Landkreis";"16,9";"17,0";"1.652,3";"1.644,1";"1,8";"1,9";"65,7";"68,2";"85,1";"85,0";"3.038,2";"3.036,2";"49,9";"49,7";"3,0";"3,1";"108,4";"111,7";"31,0";"31,1";"1.106,1";"1.109,2";"0,9";"0,8";"30,5";"30,2"
"05770";"Minden-Lübbecke";"Landkreis";"20,2";"20,4";"1.341,9";"1.326,4";"1,1";"1,1";"39,4";"41,1";"81,1";"80,9";"2.996,4";"2.997,1";"63,7";"63,5";"4,7";"4,8";"173,2";"178,8";"12,0";"12,1";"442,0";"447,3";"3,1";"3,0";"113,1";"110,5"
"05774";"Paderborn";"Landkreis";"15,6";"15,7";"1.564,7";"1.558,5";"1,5";"1,5";"62,1";"60,3";"86,0";"85,9";"3.512,3";"3.505,6";"52,4";"52,3";"3,7";"3,8";"152,7";"155,7";"29,4";"29,4";"1.200,8";"1.200,4";"1,4";"1,4";"58,5";"58,9"
"05911";"Bochum, Stadt";"krsfr. Stadt";"69,6";"69,4";"3.599,9";"3.616,6";"10,5";"10,7";"41,8";"42,8";"42,8";"43,2";"170,7";"172,3";"19,1";"18,2";"3,7";"4,3";"14,8";"17,1";"9,8";"10,9";"39,3";"43,5";"1,1";"1,0";"4,3";"3,8"
"05913";"Dortmund, Stadt";"krsfr. Stadt";"59,6";"59,6";"3.502,4";"3.506,5";"6,7";"6,9";"32,1";"33,2";"48,5";"48,7";"232,5";"233,3";"23,7";"23,6";"6,0";"6,1";"28,6";"29,2";"14,4";"14,5";"69,1";"69,5";"0,9";"0,9";"4,5";"4,4"
"05914";"Hagen, Stadt";"krsfr. Stadt";"35,2";"35,1";"3.333,3";"3.329,7";"3,1";"3,2";"26,6";"27,6";"68,6";"68,8";"584,6";"587,7";"19,1";"18,4";"3,2";"3,7";"27,6";"31,6";"42,0";"43,0";"358,3";"367,4";"2,3";"2,3";"19,4";"19,3"
"05915";"Hamm, Stadt";"krsfr. Stadt";"32,8";"32,9";"2.417,5";"2.403,2";"3,1";"3,2";"38,5";"40,1";"70,6";"70,6";"890,7";"892,6";"53,6";"53,4";"4,8";"4,9";"60,2";"61,6";"10,3";"10,3";"129,3";"130,8";"2,3";"2,3";"29,3";"28,9"
"05916";"Herne, Stadt";"krsfr. Stadt";"75,7";"75,8";"4.025,0";"4.015,7";"10,9";"10,8";"35,8";"35,3";"36,7";"36,5";"120,5";"119,9";"8,4";"8,3";"7,8";"7,7";"25,5";"25,4";"12,1";"12,1";"39,7";"39,8";"2,0";"2,0";"6,6";"6,6"
"05954";"Ennepe-Ruhr-Kreis";"Landkreis";"28,9";"28,9";"2.751,1";"2.738,4";"2,1";"2,1";"26,6";"26,8";"73,7";"73,6";"927,2";"928,6";"38,7";"38,5";"3,1";"3,1";"39,0";"39,5";"30,2";"30,2";"380,2";"381,3";"1,7";"1,7";"21,6";"21,7"
"05958";"Hochsauerlandkreis";"Landkreis";"12,3";"12,4";"1.087,0";"1.076,5";"0,9";"1,0";"70,4";"72,7";"88,7";"88,7";"6.630,2";"6.642,9";"30,7";"30,6";"1,9";"1,9";"142,5";"144,7";"55,5";"55,4";"4.145,0";"4.154,0";"0,9";"0,8";"63,8";"63,4"
"05962";"Märkischer Kreis";"Landkreis";"17,0";"17,0";"2.294,0";"2.287,2";"1,0";"1,1";"25,4";"27,1";"84,2";"84,2";"2.152,3";"2.162,1";"30,7";"30,3";"2,3";"2,5";"58,4";"65,0";"50,5";"50,9";"1.292,5";"1.307,4";"1,2";"1,2";"30,3";"30,2"
"05966";"Olpe";"Landkreis";"14,8";"14,9";"1.279,0";"1.273,5";"1,0";"1,0";"53,2";"53,5";"86,3";"86,2";"4.551,2";"4.555,0";"23,6";"23,6";"4,5";"4,7";"236,5";"248,4";"59,5";"59,5";"3.139,0";"3.143,6";"1,7";"1,7";"90,7";"90,1"
"05970";"Siegen-Wittgenstein";"Landkreis";"16,2";"16,4";"1.514,1";"1.497,7";"0,8";"0,8";"32,9";"33,3";"84,8";"84,6";"3.455,1";"3.447,7";"18,6";"18,6";"3,3";"3,6";"134,8";"147,7";"64,3";"64,1";"2.620,1";"2.613,1";"0,6";"0,6";"23,5";"23,2"
"05974";"Soest";"Landkreis";"15,4";"15,5";"1.474,4";"1.469,5";"1,3";"1,3";"55,3";"55,3";"86,0";"85,9";"3.786,7";"3.783,8";"61,5";"61,2";"2,8";"3,0";"124,0";"133,6";"20,3";"20,5";"894,6";"900,9";"1,9";"2,0";"85,3";"87,2"
"05978";"Unna";"Landkreis";"31,7";"31,7";"2.289,5";"2.291,1";"2,8";"3,0";"39,2";"41,7";"71,5";"71,7";"986,6";"989,2";"52,5";"51,9";"3,9";"4,4";"53,3";"60,9";"13,9";"14,5";"191,1";"199,5";"1,5";"1,5";"21,3";"20,4"
"06411";"Darmstadt, Stadt";"krsfr. Stadt";"35,0";"35,1";"3.681,0";"3.696,7";"4,3";"4,3";"33,0";"33,0";"69,8";"69,8";"541,0";"538,1";"19,1";"19,1";"1,3";"1,3";"10,0";"10,0";"44,9";"44,8";"347,9";"345,8";"0,7";"0,7";"5,7";"5,7"
"06412";"Frankfurt am Main, Stadt";"krsfr. Stadt";"58,4";"58,5";"5.078,4";"5.145,2";"7,5";"7,6";"25,4";"25,2";"50,2";"50,1";"169,1";"166,6";"24,0";"24,0";"2,7";"2,6";"9,0";"8,7";"15,1";"15,1";"51,0";"50,2";"2,1";"2,1";"7,2";"7,1"
"06413";"Offenbach am Main, Stadt";"krsfr. Stadt";"49,1";"49,1";"5.652,9";"5.746,7";"6,3";"6,4";"22,6";"22,5";"57,9";"58,0";"208,4";"205,4";"14,1";"14,1";"3,9";"3,9";"14,0";"13,7";"33,7";"33,7";"121,5";"119,5";"2,6";"2,6";"9,5";"9,3"
"06414";"Wiesbaden, Stadt";"krsfr. Stadt";"39,4";"39,4";"3.457,7";"3.470,2";"6,6";"6,6";"48,2";"48,0";"67,6";"67,6";"496,6";"494,7";"29,6";"29,6";"3,7";"3,7";"27,1";"27,3";"27,7";"27,7";"203,3";"202,9";"2,6";"2,6";"19,4";"19,3"
"06431";"Bergstraße";"Landkreis";"16,4";"16,4";"2.277,0";"2.276,6";"1,3";"1,3";"34,5";"34,5";"85,1";"85,0";"2.284,3";"2.275,8";"40,6";"40,4";"3,0";"3,1";"79,9";"81,9";"40,1";"40,1";"1.076,2";"1.073,7";"2,2";"2,3";"59,9";"61,4"
"06432";"Darmstadt-Dieburg";"Landkreis";"18,9";"18,9";"2.366,1";"2.372,2";"1,2";"1,2";"26,7";"26,6";"82,4";"82,4";"1.841,5";"1.832,7";"44,0";"43,9";"1,8";"1,8";"40,7";"41,1";"35,2";"35,2";"785,7";"782,4";"1,2";"1,2";"26,7";"27,0"
"06433";"Groß-Gerau";"Landkreis";"23,7";"23,7";"2.508,1";"2.523,7";"2,1";"2,1";"34,6";"35,0";"78,6";"78,5";"1.322,7";"1.311,0";"46,3";"46,2";"6,4";"6,4";"107,1";"106,7";"24,1";"24,1";"405,8";"402,1";"5,2";"5,2";"86,8";"86,7"
"06434";"Hochtaunuskreis";"Landkreis";"19,5";"19,9";"2.506,0";"2.459,3";"1,7";"1,8";"35,5";"35,9";"82,5";"82,0";"1.690,9";"1.674,9";"29,4";"29,3";"1,3";"1,3";"26,6";"26,6";"50,1";"49,7";"1.026,9";"1.015,1";"0,6";"0,6";"12,1";"12,1"
"06435";"Main-Kinzig-Kreis";"Landkreis";"16,0";"16,0";"1.869,4";"1.872,9";"1,2";"1,3";"41,9";"41,8";"85,4";"85,4";"2.864,2";"2.853,1";"38,8";"38,8";"2,3";"2,3";"78,5";"78,1";"43,4";"43,4";"1.453,8";"1.448,7";"1,3";"1,3";"44,1";"43,9"
"06436";"Main-Taunus-Kreis";"Landkreis";"32,4";"32,6";"3.266,5";"3.264,9";"3,4";"3,4";"32,2";"32,1";"71,4";"71,2";"673,6";"668,3";"41,3";"41,2";"2,2";"2,3";"20,6";"21,6";"24,3";"24,3";"229,7";"228,4";"1,4";"1,5";"13,4";"13,6"
"06437";"Odenwaldkreis";"Landkreis";"10,8";"10,8";"1.429,9";"1.428,9";"0,6";"0,6";"39,1";"39,1";"89,9";"89,9";"5.814,6";"5.805,8";"32,2";"32,2";"0,9";"0,9";"60,7";"60,4";"56,1";"56,1";"3.628,7";"3.623,7";"0,5";"0,5";"35,1";"35,1"
"06438";"Offenbach";"Landkreis";"30,0";"30,1";"3.275,8";"3.284,4";"2,3";"2,3";"23,2";"23,3";"72,6";"72,5";"738,8";"734,9";"23,6";"23,6";"3,2";"3,2";"32,5";"32,3";"43,7";"43,7";"444,6";"442,4";"2,1";"2,1";"21,0";"20,9"
"06439";"Rheingau-Taunus-Kreis";"Landkreis";"13,3";"13,4";"1.716,3";"1.717,3";"1,1";"1,1";"45,9";"45,7";"87,8";"87,8";"3.837,5";"3.815,8";"29,1";"29,0";"3,6";"3,6";"155,3";"154,8";"55,6";"55,6";"2.430,3";"2.417,4";"1,8";"1,8";"80,7";"80,4"
"06440";"Wetteraukreis";"Landkreis";"15,6";"15,8";"1.772,2";"1.761,1";"1,1";"1,1";"39,3";"39,3";"85,6";"85,5";"3.100,8";"3.080,8";"53,3";"53,1";"2,0";"2,1";"71,2";"74,2";"29,3";"29,2";"1.062,8";"1.054,0";"1,2";"1,2";"42,6";"44,1"
"06531";"Gießen";"Landkreis";"18,3";"18,4";"1.695,7";"1.697,4";"1,5";"1,6";"49,8";"49,8";"83,3";"83,3";"2.680,5";"2.664,8";"44,7";"44,6";"2,4";"2,4";"76,5";"76,5";"35,1";"35,2";"1.130,1";"1.125,0";"1,3";"1,3";"42,0";"41,6"
"06532";"Lahn-Dill-Kreis";"Landkreis";"16,8";"16,8";"1.421,4";"1.417,9";"1,1";"1,1";"45,8";"46,5";"84,5";"84,4";"3.545,0";"3.542,5";"33,8";"33,5";"2,0";"2,1";"83,1";"88,5";"47,8";"48,0";"2.004,2";"2.013,0";"1,2";"1,2";"49,7";"49,4"
"06533";"Limburg-Weilburg";"Landkreis";"17,3";"17,4";"1.349,6";"1.341,3";"1,1";"1,1";"46,2";"46,4";"83,9";"83,9";"3.601,4";"3.600,7";"45,8";"45,8";"2,6";"2,6";"109,5";"110,7";"34,5";"34,4";"1.479,9";"1.479,2";"1,2";"1,2";"49,7";"49,7"
"06534";"Marburg-Biedenkopf";"Landkreis";"14,0";"14,1";"1.385,7";"1.387,9";"0,9";"0,9";"43,9";"44,1";"87,0";"86,9";"4.481,1";"4.458,3";"43,4";"43,3";"1,8";"1,8";"91,1";"92,3";"41,0";"41,0";"2.111,3";"2.103,3";"1,1";"1,1";"55,5";"55,2"
"06535";"Vogelsbergkreis";"Landkreis";"10,4";"10,4";"701,9";"698,4";"0,6";"0,6";"86,4";"87,6";"90,3";"90,3";"12.339,5";"12.370,3";"48,9";"48,8";"1,8";"1,9";"252,8";"259,6";"39,1";"39,2";"5.347,4";"5.373,6";"1,0";"1,0";"143,1";"142,6"
"06611";"Kassel, Stadt";"krsfr. Stadt";"60,7";"61,0";"3.069,1";"3.078,8";"11,6";"11,8";"62,1";"62,8";"51,8";"51,7";"277,8";"275,0";"14,6";"14,2";"3,1";"3,1";"16,6";"16,5";"21,9";"22,0";"117,6";"117,1";"2,2";"2,2";"11,6";"11,5"
"06631";"Fulda";"Landkreis";"14,2";"14,2";"1.127,9";"1.130,7";"0,9";"0,9";"54,8";"55,5";"86,8";"86,8";"5.416,5";"5.402,0";"48,5";"48,3";"1,6";"1,7";"99,2";"103,9";"36,2";"36,3";"2.257,3";"2.259,2";"0,8";"0,8";"51,1";"51,3"
"06632";"Hersfeld-Rotenburg";"Landkreis";"12,2";"12,3";"906,6";"899,8";"0,6";"0,6";"50,7";"50,7";"88,5";"88,4";"8.026,0";"8.012,7";"40,4";"40,3";"1,6";"1,6";"141,9";"145,7";"45,9";"45,9";"4.158,5";"4.156,2";"1,1";"1,1";"97,9";"98,5"
"06633";"Kassel";"Landkreis";"14,0";"14,1";"1.306,3";"1.302,2";"1,0";"1,0";"54,8";"55,3";"87,1";"87,1";"4.754,3";"4.757,7";"44,8";"44,8";"1,8";"1,8";"97,7";"97,9";"39,6";"39,7";"2.164,3";"2.167,5";"1,1";"1,1";"57,9";"58,0"
"06634";"Schwalm-Eder-Kreis";"Landkreis";"12,3";"12,4";"957,5";"948,7";"0,6";"0,6";"48,6";"49,7";"88,4";"88,3";"7.510,6";"7.518,5";"48,9";"48,6";"3,3";"3,4";"283,0";"291,0";"35,7";"35,9";"3.032,1";"3.057,5";"1,4";"1,5";"122,7";"123,8"
"06635";"Waldeck-Frankenberg";"Landkreis";"10,0";"10,1";"852,2";"845,4";"0,6";"0,6";"73,9";"75,3";"90,7";"90,7";"10.614,0";"10.658,9";"42,1";"42,1";"2,3";"2,4";"274,2";"277,7";"45,6";"45,7";"5.342,2";"5.368,9";"1,7";"1,7";"197,8";"200,1"
"06636";"Werra-Meißner-Kreis";"Landkreis";"11,5";"11,5";"858,0";"857,7";"0,7";"0,7";"71,3";"71,4";"89,3";"89,3";"9.064,3";"9.050,3";"43,0";"43,0";"2,8";"2,8";"286,2";"287,7";"43,4";"43,4";"4.401,4";"4.395,7";"1,4";"1,4";"139,4";"138,9"
"07111";"Koblenz, Stadt";"krsfr. Stadt";"36,4";"36,4";"2.968,5";"2.969,3";"5,1";"5,2";"47,7";"47,9";"69,4";"69,4";"643,3";"641,5";"23,6";"23,1";"9,2";"9,5";"85,6";"88,2";"33,9";"34,4";"314,2";"318,2";"5,4";"5,4";"50,2";"49,6"
"07131";"Ahrweiler";"Landkreis";"13,6";"13,6";"1.197,5";"1.206,8";"1,9";"1,9";"114,4";"117,0";"88,3";"88,4";"5.409,9";"5.397,2";"31,4";"31,3";"4,0";"4,1";"246,2";"251,1";"52,9";"53,0";"3.241,1";"3.238,4";"1,6";"1,6";"98,6";"98,2"
"07132";"Altenkirchen (Westerwald)";"Landkreis";"15,8";"15,8";"1.267,3";"1.268,4";"1,5";"1,5";"74,3";"73,6";"85,8";"85,8";"4.272,8";"4.279,3";"31,2";"31,2";"1,9";"1,9";"97,1";"97,2";"51,9";"51,9";"2.586,8";"2.589,9";"0,9";"0,9";"46,2";"46,1"
"07133";"Bad Kreuznach";"Landkreis";"14,0";"13,9";"1.304,9";"1.310,8";"1,9";"1,9";"102,5";"102,4";"88,0";"88,1";"4.830,9";"4.828,8";"44,7";"44,4";"4,1";"4,4";"225,7";"240,1";"39,9";"40,2";"2.187,8";"2.204,8";"1,0";"1,0";"55,2";"55,0"
"07134";"Birkenfeld";"Landkreis";"11,2";"11,2";"932,0";"926,5";"1,3";"1,3";"124,1";"124,6";"90,2";"90,2";"8.675,0";"8.677,7";"32,8";"32,4";"2,3";"2,6";"220,8";"252,0";"55,1";"55,5";"5.294,6";"5.336,1";"0,5";"0,5";"51,0";"51,3"
"07135";"Cochem-Zell";"Landkreis";"11,1";"11,0";"808,0";"808,3";"1,5";"1,6";"173,3";"174,5";"90,5";"90,6";"10.133,4";"10.171,6";"36,7";"36,6";"4,4";"4,4";"495,6";"498,2";"50,1";"50,3";"5.607,0";"5.643,3";"1,7";"1,7";"195,8";"196,4"
"07137";"Mayen-Koblenz";"Landkreis";"17,0";"17,0";"1.532,9";"1.540,1";"1,8";"1,8";"70,7";"69,8";"85,0";"85,0";"3.261,9";"3.253,4";"47,4";"47,4";"4,6";"4,7";"178,0";"181,6";"32,4";"32,5";"1.242,9";"1.244,4";"1,9";"1,9";"71,6";"71,4"
"07138";"Neuwied";"Landkreis";"18,4";"18,4";"1.573,1";"1.578,1";"2,3";"2,1";"78,6";"72,3";"84,0";"83,9";"2.902,1";"2.895,5";"33,1";"33,1";"4,0";"4,1";"138,1";"142,6";"45,8";"46,0";"1.581,4";"1.586,6";"2,1";"2,1";"72,3";"71,4"
"07140";"Rhein-Hunsrück-Kreis";"Landkreis";"12,0";"12,0";"864,6";"864,6";"1,2";"1,3";"120,0";"121,3";"89,3";"89,3";"8.589,8";"8.599,2";"41,2";"41,1";"2,4";"2,5";"228,6";"237,3";"45,8";"45,9";"4.402,7";"4.414,8";"0,9";"0,9";"87,6";"87,9"
"07141";"Rhein-Lahn-Kreis";"Landkreis";"12,1";"12,1";"1.289,6";"1.287,9";"1,5";"1,5";"96,0";"96,0";"89,5";"89,5";"5.709,7";"5.717,7";"38,4";"38,4";"4,7";"4,7";"300,9";"302,8";"46,9";"47,0";"2.994,9";"3.001,5";"1,8";"1,8";"112,2";"112,2"
"07143";"Westerwaldkreis";"Landkreis";"16,6";"16,5";"1.227,3";"1.232,3";"1,9";"1,9";"91,9";"91,3";"85,4";"85,5";"4.203,2";"4.205,6";"38,1";"38,1";"3,7";"3,7";"182,3";"183,2";"42,8";"42,8";"2.105,9";"2.106,0";"1,4";"1,3";"66,6";"66,4"
"07211";"Trier, Stadt";"krsfr. Stadt";"31,5";"31,5";"2.984,8";"2.980,6";"5,6";"5,2";"59,0";"55,7";"74,4";"74,0";"790,8";"787,7";"20,7";"20,3";"9,0";"9,4";"95,9";"100,2";"43,8";"44,1";"465,9";"469,8";"3,4";"3,4";"35,9";"36,4"
"07231";"Bernkastel-Wittlich";"Landkreis";"11,2";"11,1";"859,5";"863,8";"1,4";"1,4";"144,8";"142,0";"90,3";"90,3";"9.413,7";"9.404,7";"36,0";"36,0";"4,2";"4,3";"436,5";"444,0";"50,8";"50,9";"5.299,0";"5.302,9";"1,4";"1,4";"149,7";"149,9"
"07232";"Eifelkreis Bitburg-Prüm";"Landkreis";"10,1";"10,2";"595,0";"594,5";"1,3";"1,2";"210,0";"196,2";"91,2";"91,1";"15.133,8";"15.086,4";"52,6";"52,5";"2,5";"2,7";"409,3";"443,3";"36,4";"36,5";"6.045,5";"6.049,4";"0,6";"0,6";"100,3";"99,0"
"07233";"Vulkaneifel";"Landkreis";"10,8";"10,8";"616,1";"617,0";"1,6";"1,6";"241,1";"237,2";"90,8";"90,8";"13.629,4";"13.640,6";"41,7";"41,6";"3,1";"3,2";"458,2";"479,4";"46,1";"46,3";"6.920,0";"6.945,7";"0,7";"0,7";"99,4";"99,5"
"07235";"Trier-Saarburg";"Landkreis";"12,5";"12,5";"1.074,9";"1.080,9";"2,5";"2,3";"189,7";"169,1";"90,1";"89,9";"6.719,4";"6.668,9";"38,0";"37,7";"5,6";"6,1";"418,5";"452,2";"47,9";"48,2";"3.573,8";"3.576,8";"1,3";"1,3";"94,3";"94,2"
"07311";"Frankenthal (Pfalz), Stadt";"krsfr. Stadt";"36,9";"36,9";"2.994,1";"2.992,4";"5,0";"5,0";"45,2";"45,0";"68,6";"68,6";"621,7";"621,9";"58,4";"58,3";"4,1";"4,1";"37,2";"37,4";"2,1";"2,1";"19,2";"19,2";"2,4";"2,4";"21,7";"21,7"
"07312";"Kaiserslautern, Stadt";"krsfr. Stadt";"28,3";"28,3";"2.514,0";"2.523,6";"2,8";"2,8";"39,3";"38,6";"75,0";"75,0";"1.055,0";"1.050,4";"8,7";"8,7";"1,5";"1,5";"21,7";"21,5";"62,4";"62,4";"877,6";"874,2";"0,6";"0,6";"8,7";"8,5"
"07313";"Landau in der Pfalz, Stadt";"krsfr. Stadt";"23,6";"23,5";"2.348,4";"2.372,7";"2,8";"2,8";"50,6";"49,7";"79,4";"79,4";"1.431,1";"1.423,1";"43,7";"43,7";"2,2";"2,3";"40,0";"41,9";"32,0";"32,1";"576,2";"575,9";"0,6";"0,6";"10,4";"10,2"
"07314";"Ludwigshafen am Rhein, Stadt";"krsfr. Stadt";"61,6";"61,4";"3.494,6";"3.544,3";"9,4";"9,1";"43,9";"42,0";"48,6";"48,4";"225,7";"222,6";"28,9";"28,5";"6,3";"7,1";"29,0";"32,5";"4,2";"4,7";"19,4";"21,5";"5,1";"5,3";"23,5";"24,2"
"07315";"Mainz, Stadt";"krsfr. Stadt";"49,5";"49,3";"4.416,3";"4.462,9";"6,5";"6,4";"29,6";"29,0";"57,8";"57,8";"264,4";"262,7";"42,1";"42,3";"4,9";"5,1";"22,4";"23,2";"3,7";"3,8";"16,7";"17,3";"3,7";"3,7";"16,9";"16,8"
"07316";"Neustadt an der Weinstraße, Stadt";"krsfr. Stadt";"19,7";"19,7";"2.308,4";"2.308,7";"3,2";"3,2";"69,9";"70,3";"83,7";"83,6";"1.841,0";"1.835,5";"35,5";"35,4";"2,4";"2,4";"52,2";"51,9";"43,8";"43,8";"964,7";"962,3";"0,9";"0,9";"19,5";"19,5"
"07317";"Pirmasens, Stadt";"krsfr. Stadt";"31,9";"31,5";"2.063,1";"2.104,2";"6,1";"5,9";"93,0";"89,1";"74,9";"75,1";"1.136,7";"1.134,1";"27,5";"27,4";"2,5";"2,6";"37,6";"39,9";"39,9";"40,5";"605,9";"611,1";"0,6";"0,5";"8,7";"7,9"
"07318";"Speyer, Stadt";"krsfr. Stadt";"44,8";"44,7";"2.642,5";"2.665,1";"6,0";"6,0";"50,8";"50,5";"61,7";"61,7";"521,1";"517,4";"19,8";"19,8";"11,2";"11,2";"94,4";"93,7";"23,1";"23,1";"195,1";"193,6";"9,5";"9,5";"79,9";"79,3"
"07319";"Worms, Stadt";"krsfr. Stadt";"29,9";"29,9";"2.541,4";"2.555,6";"4,6";"4,5";"60,9";"59,1";"75,1";"75,0";"988,6";"981,2";"61,5";"61,4";"5,9";"6,1";"78,1";"79,7";"3,9";"4,0";"50,7";"52,6";"4,2";"4,2";"54,8";"54,5"
"07320";"Zweibrücken, Stadt";"krsfr. Stadt";"27,9";"28,0";"1.744,1";"1.735,2";"3,0";"3,0";"61,6";"61,6";"75,3";"75,3";"1.545,8";"1.552,4";"46,6";"46,7";"2,7";"2,6";"54,9";"54,6";"24,2";"24,2";"497,6";"498,4";"1,0";"1,0";"20,9";"20,7"
"07331";"Alzey-Worms";"Landkreis";"15,2";"15,2";"1.437,0";"1.440,0";"1,9";"1,9";"86,2";"85,4";"86,8";"86,8";"3.982,9";"3.971,9";"77,1";"77,0";"3,5";"3,5";"160,7";"161,1";"5,5";"5,6";"252,6";"255,8";"1,6";"1,6";"72,8";"72,7"
"07332";"Bad Dürkheim";"Landkreis";"13,0";"13,0";"1.724,3";"1.722,1";"2,1";"2,1";"93,0";"92,5";"89,2";"89,2";"3.989,9";"3.996,1";"33,9";"33,8";"2,1";"2,2";"93,6";"97,4";"52,5";"52,6";"2.346,6";"2.354,5";"0,5";"0,6";"24,5";"24,7"
"07333";"Donnersbergkreis";"Landkreis";"10,7";"10,8";"1.084,2";"1.078,9";"1,3";"1,3";"111,8";"109,5";"90,6";"90,6";"7.779,1";"7.783,9";"54,5";"54,2";"2,5";"2,6";"211,6";"223,0";"33,6";"33,8";"2.881,9";"2.901,9";"0,6";"0,6";"50,5";"51,7"
"07334";"Germersheim";"Landkreis";"16,1";"16,1";"1.723,2";"1.724,5";"1,6";"1,6";"59,2";"59,2";"85,7";"85,7";"3.096,0";"3.088,8";"38,2";"38,0";"5,9";"6,2";"214,2";"222,1";"40,4";"40,7";"1.460,7";"1.465,9";"4,9";"4,9";"176,0";"176,7"
"07335";"Kaiserslautern";"Landkreis";"14,8";"15,0";"1.112,3";"1.100,6";"1,6";"1,6";"99,0";"98,0";"86,9";"86,7";"5.271,7";"5.253,1";"33,6";"33,5";"2,0";"2,0";"118,5";"119,7";"50,6";"50,5";"3.068,2";"3.059,8";"0,5";"0,5";"32,2";"32,7"
"07336";"Kusel";"Landkreis";"12,1";"12,1";"1.020,1";"1.018,9";"1,5";"1,5";"124,7";"121,7";"89,5";"89,5";"7.244,1";"7.255,2";"50,1";"49,9";"3,2";"3,3";"261,1";"266,5";"36,7";"36,8";"2.965,2";"2.980,9";"0,7";"0,8";"59,9";"61,6"
"07337";"Südliche Weinstraße";"Landkreis";"12,4";"12,3";"1.396,9";"1.399,9";"1,7";"1,7";"100,8";"101,2";"89,4";"89,5";"5.161,8";"5.177,5";"41,1";"41,0";"2,4";"2,5";"135,6";"143,6";"45,6";"45,8";"2.634,0";"2.648,7";"0,7";"0,7";"39,6";"39,2"
"07338";"Rhein-Pfalz-Kreis";"Landkreis";"22,4";"22,5";"2.244,4";"2.239,2";"3,4";"3,5";"68,0";"68,7";"81,2";"81,2";"1.619,2";"1.611,2";"54,2";"54,1";"6,5";"6,4";"130,2";"128,0";"17,4";"17,5";"347,5";"347,0";"5,1";"5,0";"101,8";"99,7"
"07339";"Mainz-Bingen";"Landkreis";"18,5";"18,5";"1.867,5";"1.871,6";"2,5";"2,5";"71,2";"71,6";"84,1";"84,1";"2.433,9";"2.427,0";"61,5";"61,4";"6,2";"6,2";"178,6";"180,1";"16,4";"16,5";"473,8";"477,1";"3,2";"3,2";"92,7";"92,5"
"07340";"Südwestpfalz";"Landkreis";"9,8";"9,8";"1.029,3";"1.023,3";"1,5";"1,5";"152,0";"148,4";"91,8";"91,8";"9.124,2";"9.165,4";"25,8";"25,7";"1,8";"1,9";"183,2";"185,4";"63,8";"63,9";"6.341,6";"6.384,0";"0,5";"0,5";"51,2";"51,0"
"08111";"Stuttgart, Stadt";"krsfr. Stadt";"51,6";"51,7";"5.867,8";"5.902,5";"6,2";"6,1";"20,3";"20,2";"55,6";"55,5";"183,4";"181,8";"22,8";"22,8";"2,0";"2,0";"6,5";"6,4";"24,0";"24,0";"79,2";"78,6";"1,3";"1,3";"4,3";"4,3"
"08115";"Böblingen";"Landkreis";"22,8";"22,8";"2.745,6";"2.760,4";"2,4";"2,4";"38,9";"38,7";"79,9";"79,8";"1.279,3";"1.265,9";"41,4";"41,3";"1,4";"1,4";"22,8";"22,7";"34,6";"34,6";"554,4";"549,3";"0,4";"0,4";"6,6";"6,6"
"08116";"Esslingen";"Landkreis";"24,8";"24,9";"3.320,7";"3.337,0";"1,7";"1,7";"20,4";"20,3";"77,1";"77,0";"934,9";"928,0";"44,2";"44,1";"2,0";"2,0";"23,7";"23,6";"29,2";"29,2";"354,5";"352,3";"1,0";"1,0";"11,6";"11,5"
"08117";"Göppingen";"Landkreis";"16,6";"16,7";"2.390,8";"2.395,7";"1,0";"1,0";"25,5";"25,4";"84,5";"84,5";"2.133,0";"2.116,8";"50,0";"49,9";"1,6";"1,6";"39,7";"40,1";"32,2";"32,2";"812,4";"807,3";"0,5";"0,5";"11,6";"11,5"
"08118";"Ludwigsburg";"Landkreis";"24,5";"24,8";"3.197,4";"3.184,6";"1,8";"1,9";"23,1";"23,6";"77,5";"77,3";"989,9";"978,0";"54,9";"54,5";"2,5";"2,5";"32,1";"32,1";"18,2";"18,2";"232,3";"230,7";"1,3";"1,3";"17,0";"17,1"
"08119";"Rems-Murr-Kreis";"Landkreis";"17,8";"17,8";"2.772,5";"2.775,7";"1,1";"1,1";"21,5";"21,6";"83,4";"83,4";"1.693,8";"1.683,8";"41,9";"41,8";"1,2";"1,2";"24,7";"25,0";"39,2";"39,2";"796,2";"792,0";"0,6";"0,6";"12,8";"12,7"
"08121";"Heilbronn, Stadt";"krsfr. Stadt";"35,9";"36,0";"3.449,6";"3.476,3";"3,1";"3,1";"24,7";"24,7";"67,7";"67,6";"546,0";"539,4";"47,1";"47,0";"3,3";"3,3";"26,3";"26,1";"14,2";"14,2";"114,7";"113,7";"2,2";"2,2";"17,7";"17,6"
"08125";"Heilbronn";"Landkreis";"17,6";"17,7";"1.744,3";"1.753,3";"1,6";"1,6";"51,0";"50,8";"84,1";"84,0";"2.739,5";"2.711,6";"55,1";"55,0";"1,9";"1,9";"61,4";"61,5";"25,6";"25,6";"832,9";"825,2";"1,1";"1,1";"36,8";"36,9"
"08126";"Hohenlohekreis";"Landkreis";"13,2";"13,3";"1.080,8";"1.077,1";"0,6";"0,6";"42,9";"43,0";"87,5";"87,4";"6.138,7";"6.091,4";"56,8";"56,6";"2,5";"2,5";"175,5";"175,8";"28,2";"28,2";"1.978,4";"1.967,2";"1,1";"1,1";"74,9";"75,0"
"08127";"Schwäbisch Hall";"Landkreis";"11,8";"11,9";"1.103,3";"1.101,7";"0,5";"0,5";"39,8";"40,2";"88,8";"88,7";"6.829,7";"6.779,4";"54,9";"54,8";"1,7";"1,7";"133,2";"133,7";"31,7";"31,7";"2.438,3";"2.425,0";"0,9";"0,9";"71,2";"71,3"
"08128";"Main-Tauber-Kreis";"Landkreis";"10,9";"11,0";"929,4";"925,5";"0,5";"0,5";"52,2";"52,5";"89,7";"89,6";"8.840,2";"8.842,3";"57,7";"57,6";"2,1";"2,2";"211,9";"212,3";"29,6";"29,6";"2.919,5";"2.920,6";"0,8";"0,8";"80,6";"80,7"
"08135";"Heidenheim";"Landkreis";"12,7";"12,8";"1.655,9";"1.650,7";"0,9";"0,9";"42,1";"42,3";"88,3";"88,2";"4.211,7";"4.191,6";"42,5";"42,3";"1,7";"1,7";"80,2";"80,5";"43,0";"43,0";"2.051,5";"2.044,3";"0,4";"0,4";"19,4";"19,5"
"08136";"Ostalbkreis";"Landkreis";"13,0";"13,1";"1.582,9";"1.578,4";"0,8";"0,8";"37,9";"38,0";"87,8";"87,8";"4.260,1";"4.245,5";"46,6";"46,5";"1,6";"1,6";"77,9";"77,7";"39,3";"39,3";"1.905,1";"1.900,2";"0,8";"0,8";"37,5";"37,4"
"08211";"Baden-Baden, Stadt";"krsfr. Stadt";"14,8";"14,8";"2.618,5";"2.635,7";"1,7";"1,7";"44,7";"44,4";"87,1";"87,1";"2.248,3";"2.231,3";"22,2";"22,2";"1,9";"1,9";"49,5";"49,3";"61,6";"61,6";"1.589,7";"1.577,7";"1,0";"1,0";"25,0";"24,9"
"08212";"Karlsruhe, Stadt";"krsfr. Stadt";"46,6";"46,7";"3.834,2";"3.853,7";"6,8";"6,9";"38,2";"38,1";"60,7";"60,7";"339,5";"337,2";"22,6";"22,6";"4,4";"4,4";"24,5";"24,4";"26,1";"26,1";"146,0";"144,9";"4,0";"4,1";"22,6";"22,5"
"08215";"Karlsruhe";"Landkreis";"18,1";"18,2";"2.236,1";"2.239,9";"1,5";"1,5";"35,8";"35,8";"83,4";"83,4";"2.056,7";"2.044,4";"44,6";"44,5";"3,3";"3,3";"80,9";"80,7";"33,9";"33,9";"836,5";"832,3";"2,2";"2,2";"54,3";"54,1"
"08216";"Rastatt";"Landkreis";"14,3";"14,4";"2.173,0";"2.168,8";"1,0";"1,0";"32,4";"32,3";"86,8";"86,7";"2.801,2";"2.781,9";"30,6";"30,5";"4,4";"4,4";"141,2";"140,4";"50,8";"50,8";"1.638,2";"1.628,8";"3,0";"3,0";"97,0";"96,4"
"08221";"Heidelberg, Stadt";"krsfr. Stadt";"30,4";"30,4";"4.832,7";"4.847,6";"2,6";"2,6";"17,4";"17,4";"72,7";"72,7";"495,0";"492,6";"26,3";"26,2";"2,9";"2,9";"19,8";"19,8";"40,6";"40,6";"276,8";"275,5";"2,3";"2,3";"15,8";"15,8"
"08222";"Mannheim, Stadt";"krsfr. Stadt";"58,1";"58,2";"3.615,4";"3.653,1";"7,3";"7,3";"34,7";"34,4";"49,6";"49,6";"236,0";"233,5";"23,8";"23,8";"4,3";"4,3";"20,6";"20,4";"12,5";"12,5";"59,4";"58,8";"5,3";"5,3";"25,1";"24,8"
"08225";"Neckar-Odenwald-Kreis";"Landkreis";"10,7";"10,8";"1.186,0";"1.176,3";"0,7";"0,7";"56,8";"57,3";"90,1";"90,0";"7.077,2";"7.065,2";"45,9";"45,7";"1,7";"1,8";"135,1";"138,4";"42,1";"42,2";"3.310,6";"3.312,7";"0,7";"0,7";"53,0";"53,6"
"08226";"Rhein-Neckar-Kreis";"Landkreis";"19,8";"19,9";"2.590,9";"2.592,2";"1,7";"1,7";"32,6";"32,5";"82,0";"82,0";"1.599,7";"1.591,5";"41,8";"41,8";"2,5";"2,6";"49,7";"49,6";"35,7";"35,7";"696,7";"693,8";"1,6";"1,6";"30,5";"30,4"
"08231";"Pforzheim, Stadt";"Landkreis";"31,2";"31,2";"4.041,0";"4.065,7";"2,8";"2,8";"22,5";"22,3";"72,2";"72,2";"573,7";"569,9";"16,7";"16,7";"1,1";"1,1";"8,6";"8,4";"51,2";"51,3";"406,9";"404,5";"0,7";"0,7";"5,9";"5,9"
"08235";"Calw";"Landkreis";"11,3";"11,4";"1.731,3";"1.739,1";"0,8";"0,8";"40,1";"39,9";"89,6";"89,5";"4.578,8";"4.533,7";"25,8";"25,7";"1,4";"1,4";"73,9";"73,4";"61,8";"61,8";"3.158,4";"3.128,6";"0,4";"0,4";"20,8";"20,6"
"08236";"Enzkreis";"Landkreis";"16,2";"16,3";"2.123,0";"2.124,8";"1,0";"1,0";"28,8";"28,8";"84,9";"84,9";"2.469,6";"2.453,6";"44,1";"44,0";"1,5";"1,5";"44,6";"44,5";"38,3";"38,3";"1.112,8";"1.107,0";"0,6";"0,6";"16,6";"16,5"
"08237";"Freudenstadt";"Landkreis";"9,7";"9,8";"1.376,4";"1.380,7";"0,6";"0,6";"42,0";"42,1";"90,9";"90,9";"6.778,6";"6.732,4";"26,1";"26,1";"1,8";"1,8";"136,4";"135,5";"62,7";"62,7";"4.680,0";"4.649,7";"0,6";"0,6";"44,6";"44,3"
"08311";"Freiburg im Breisgau, Stadt";"krsfr. Stadt";"32,0";"32,2";"4.644,7";"4.662,7";"4,0";"4,1";"27,1";"27,5";"72,4";"72,3";"486,7";"481,9";"23,4";"23,1";"2,1";"2,2";"14,0";"14,4";"42,9";"42,9";"288,3";"286,2";"1,3";"1,3";"8,9";"8,8"
"08315";"Breisgau-Hochschwarzwald";"Landkreis";"10,5";"10,6";"1.796,3";"1.796,3";"0,7";"0,7";"36,8";"36,7";"90,2";"90,2";"4.775,7";"4.735,4";"39,5";"39,4";"2,8";"2,8";"146,2";"146,3";"47,6";"47,6";"2.520,4";"2.502,2";"1,5";"1,5";"78,3";"77,9"
"08316";"Emmendingen";"Landkreis";"11,2";"11,3";"2.143,2";"2.152,5";"0,9";"0,9";"36,1";"35,8";"89,7";"89,7";"3.736,6";"3.701,4";"40,3";"40,2";"2,9";"2,9";"120,7";"120,0";"45,8";"45,8";"1.907,3";"1.890,7";"1,4";"1,4";"60,0";"59,6"
"08317";"Ortenaukreis";"Landkreis";"11,9";"11,9";"1.919,3";"1.916,2";"0,6";"0,6";"27,2";"27,9";"88,8";"88,8";"3.903,7";"3.876,9";"37,8";"37,7";"3,0";"3,0";"131,7";"131,6";"47,3";"47,3";"2.079,0";"2.066,5";"2,0";"2,0";"88,2";"88,4"
"08325";"Rottweil";"Landkreis";"13,0";"13,1";"1.384,8";"1.381,9";"0,5";"0,5";"29,9";"30,3";"87,6";"87,6";"4.874,0";"4.851,7";"42,6";"42,5";"1,7";"1,7";"95,3";"95,0";"42,9";"42,9";"2.387,7";"2.378,5";"0,6";"0,6";"33,1";"33,0"
"08326";"Schwarzwald-Baar-Kreis";"Landkreis";"11,6";"11,7";"1.762,9";"1.767,6";"1,0";"1,0";"49,3";"49,0";"89,5";"89,4";"4.366,8";"4.342,0";"41,3";"41,2";"1,5";"1,5";"72,0";"71,8";"45,8";"45,8";"2.235,4";"2.223,4";"0,7";"0,7";"32,2";"32,1"
"08327";"Tuttlingen";"Landkreis";"11,8";"11,9";"1.590,5";"1.597,7";"0,6";"0,6";"31,6";"31,6";"88,8";"88,8";"4.723,3";"4.677,3";"37,0";"36,9";"1,4";"1,4";"72,1";"71,6";"50,0";"50,0";"2.660,2";"2.635,5";"0,5";"0,5";"25,6";"25,3"
"08335";"Konstanz";"Landkreis";"15,6";"15,8";"2.204,4";"2.204,2";"1,5";"1,5";"42,9";"42,7";"85,9";"85,8";"2.491,4";"2.472,5";"49,0";"48,9";"2,3";"2,3";"67,4";"67,6";"33,4";"33,5";"969,6";"964,2";"1,2";"1,2";"33,8";"34,0"
"08336";"Lörrach";"Landkreis";"12,9";"12,9";"2.194,3";"2.194,9";"1,1";"1,1";"37,8";"38,1";"88,3";"88,3";"3.130,2";"3.118,7";"34,0";"34,0";"2,6";"2,7";"93,6";"93,9";"51,6";"51,6";"1.829,1";"1.823,5";"1,1";"1,1";"40,5";"40,5"
"08337";"Waldshut";"Landkreis";"10,3";"10,3";"1.448,5";"1.454,4";"0,7";"0,7";"46,0";"45,7";"90,4";"90,4";"6.058,6";"6.008,2";"38,8";"38,7";"2,5";"2,5";"168,3";"167,6";"49,3";"49,3";"3.303,8";"3.276,5";"1,3";"1,3";"86,5";"86,0"
"08415";"Reutlingen";"Landkreis";"13,2";"13,3";"1.963,5";"1.963,8";"1,1";"1,1";"43,0";"43,1";"88,0";"87,9";"3.382,5";"3.360,1";"47,5";"47,3";"2,2";"2,2";"83,2";"83,3";"37,9";"38,0";"1.456,0";"1.451,0";"0,2";"0,2";"9,6";"9,6"
"08416";"Tübingen";"Landkreis";"18,1";"18,2";"2.395,6";"2.394,0";"1,4";"1,4";"32,9";"32,7";"83,5";"83,4";"1.929,7";"1.917,7";"45,7";"45,5";"2,0";"2,0";"45,3";"45,4";"34,7";"34,7";"801,2";"797,5";"0,9";"0,9";"21,1";"21,0"
"08417";"Zollernalbkreis";"Landkreis";"13,5";"13,6";"1.508,6";"1.504,9";"0,7";"0,7";"32,6";"34,5";"87,2";"87,2";"4.270,2";"4.250,5";"44,4";"44,3";"1,5";"1,6";"74,8";"76,0";"40,7";"40,8";"1.994,7";"1.989,2";"0,4";"0,4";"20,3";"20,2"
"08421";"Ulm, Stadt";"krsfr. Stadt";"32,9";"33,0";"3.174,2";"3.204,8";"2,9";"2,9";"27,9";"27,6";"70,3";"70,2";"673,2";"663,3";"45,2";"45,1";"2,6";"2,6";"25,2";"24,7";"19,3";"19,3";"184,8";"182,4";"1,5";"1,5";"14,3";"14,0"
"08425";"Alb-Donau-Kreis";"Landkreis";"11,6";"11,7";"1.225,5";"1.228,8";"0,7";"0,7";"47,8";"47,7";"89,1";"89,1";"6.262,5";"6.217,3";"56,9";"56,9";"1,8";"1,8";"127,6";"127,2";"29,7";"29,7";"2.084,7";"2.071,5";"0,8";"0,8";"56,2";"55,8"
"08426";"Biberach";"Landkreis";"11,8";"11,8";"1.180,7";"1.187,4";"0,6";"0,6";"41,1";"40,9";"88,8";"88,8";"6.382,1";"6.312,1";"57,9";"57,9";"2,0";"2,0";"142,6";"141,4";"28,5";"28,5";"2.048,8";"2.027,9";"1,1";"1,1";"78,0";"77,2"
"08435";"Bodenseekreis";"Landkreis";"14,9";"15,0";"2.145,7";"2.152,1";"1,1";"1,1";"35,2";"35,3";"86,3";"86,2";"2.692,0";"2.670,4";"55,4";"55,3";"1,7";"1,7";"54,3";"54,1";"28,0";"28,0";"874,9";"868,7";"1,1";"1,1";"33,1";"32,8"
"08436";"Ravensburg";"Landkreis";"10,7";"10,9";"1.614,9";"1.599,1";"0,7";"0,8";"40,0";"45,3";"90,1";"90,0";"5.219,2";"5.185,0";"57,7";"57,6";"3,5";"3,5";"204,0";"203,5";"28,8";"28,7";"1.666,8";"1.652,4";"1,3";"1,3";"77,5";"77,2"
"08437";"Sigmaringen";"Landkreis";"10,0";"10,1";"1.083,5";"1.074,7";"0,5";"0,5";"46,6";"47,0";"90,6";"90,5";"8.370,8";"8.369,7";"49,4";"49,3";"1,9";"1,9";"173,6";"174,1";"38,8";"38,8";"3.588,0";"3.590,8";"0,9";"0,9";"86,2";"86,3"
"09161";"Ingolstadt, Stadt";"krsfr. Stadt";"36,7";"37,0";"2.727,9";"2.743,3";"4,0";"4,1";"40,4";"40,2";"67,6";"67,4";"674,7";"664,7";"40,2";"40,0";"9,9";"9,8";"99,1";"96,9";"15,5";"15,5";"154,7";"153,2";"3,9";"3,9";"38,9";"38,7"
"09162";"München, Stadt";"krsfr. Stadt";"74,1";"74,5";"6.361,5";"6.287,1";"12,2";"12,2";"25,9";"26,1";"39,5";"39,0";"83,8";"83,3";"14,0";"13,9";"7,0";"6,7";"14,9";"14,2";"6,8";"6,9";"14,4";"14,6";"1,4";"1,4";"2,9";"2,9"
"09163";"Rosenheim, Stadt";"krsfr. Stadt";"41,1";"41,5";"4.093,5";"4.088,1";"2,4";"2,4";"14,0";"14,0";"61,5";"61,2";"365,2";"361,1";"36,2";"36,2";"8,1";"8,0";"48,3";"46,9";"17,2";"17,2";"102,3";"101,5";"3,1";"3,1";"18,7";"18,5"
"09171";"Altötting";"Landkreis";"13,1";"13,2";"1.463,3";"1.467,5";"0,6";"0,6";"31,1";"30,8";"87,5";"87,4";"4.552,3";"4.510,7";"53,9";"53,9";"3,9";"3,9";"200,3";"199,9";"29,5";"29,5";"1.536,3";"1.521,1";"1,9";"1,9";"99,9";"99,1"
"09172";"Berchtesgadener Land";"Landkreis";"7,0";"7,1";"1.767,6";"1.772,7";"0,4";"0,4";"31,8";"31,7";"93,4";"93,4";"7.506,5";"7.464,4";"22,3";"22,3";"21,6";"21,7";"1.739,5";"1.731,7";"53,0";"53,0";"4.262,0";"4.237,7";"1,8";"1,8";"147,2";"146,5"
"09173";"Bad Tölz-Wolfratshausen";"Landkreis";"6,6";"6,7";"1.705,4";"1.705,4";"0,5";"0,5";"44,6";"44,6";"93,9";"93,9";"8.299,2";"8.235,9";"28,4";"28,4";"11,2";"11,3";"992,2";"992,6";"55,5";"55,5";"4.905,5";"4.866,2";"3,8";"3,8";"333,0";"329,5"
"09174";"Dachau";"Landkreis";"13,5";"13,5";"1.933,1";"1.951,0";"1,2";"1,3";"47,9";"47,5";"87,9";"87,8";"3.373,9";"3.331,3";"65,4";"65,4";"4,4";"4,4";"168,7";"165,9";"17,8";"17,9";"685,3";"677,3";"0,9";"0,9";"36,1";"35,7"
"09175";"Ebersberg";"Landkreis";"12,5";"12,5";"2.025,6";"2.044,1";"1,3";"1,3";"49,6";"49,2";"88,8";"88,8";"3.510,5";"3.464,4";"47,9";"47,9";"2,9";"2,9";"115,4";"112,6";"37,4";"37,4";"1.476,8";"1.459,5";"0,9";"0,9";"36,2";"35,8"
"09176";"Eichstätt";"Landkreis";"9,7";"9,8";"1.111,1";"1.103,3";"0,4";"0,4";"39,5";"39,3";"90,8";"90,6";"8.422,4";"8.356,7";"46,1";"45,9";"4,0";"3,9";"367,6";"362,2";"40,8";"40,8";"3.785,9";"3.762,1";"0,7";"0,7";"66,4";"66,8"
"09177";"Erding";"Landkreis";"12,2";"12,3";"1.275,7";"1.283,2";"0,7";"0,7";"44,2";"44,2";"88,5";"88,5";"5.692,8";"5.629,0";"69,8";"69,8";"4,4";"4,4";"281,7";"276,9";"14,5";"14,6";"934,6";"925,8";"1,3";"1,3";"81,4";"80,6"
"09178";"Freising";"Landkreis";"13,6";"13,7";"1.611,4";"1.627,6";"0,8";"0,8";"34,8";"35,2";"87,2";"87,2";"3.966,4";"3.917,0";"63,2";"63,1";"4,0";"4,0";"180,9";"179,0";"19,7";"19,7";"894,5";"884,3";"1,7";"1,8";"79,6";"79,2"
"09179";"Fürstenfeldbruck";"Landkreis";"18,6";"18,6";"2.685,9";"2.687,3";"1,7";"1,7";"33,8";"33,7";"83,3";"83,2";"1.669,6";"1.660,7";"55,7";"55,6";"4,0";"3,9";"80,0";"77,9";"22,4";"22,5";"449,9";"448,4";"0,8";"0,9";"17,0";"17,1"
"09180";"Garmisch-Partenkirchen";"Landkreis";"5,3";"5,3";"1.644,1";"1.647,4";"0,4";"0,4";"44,9";"44,7";"95,1";"95,1";"10.958,2";"10.922,8";"19,3";"19,3";"24,8";"24,8";"2.860,7";"2.849,9";"53,6";"53,6";"6.173,5";"6.155,0";"2,4";"2,4";"278,6";"277,7"
"09181";"Landsberg am Lech";"Landkreis";"11,1";"11,1";"1.335,6";"1.330,0";"0,6";"0,6";"37,4";"37,9";"89,6";"89,5";"6.067,0";"6.040,7";"49,8";"49,9";"10,1";"9,9";"682,1";"669,5";"29,8";"29,8";"2.021,9";"2.014,1";"7,6";"7,6";"515,7";"514,1"
"09182";"Miesbach";"Landkreis";"7,4";"7,4";"1.538,9";"1.540,0";"0,5";"0,5";"44,2";"43,8";"93,1";"93,1";"8.162,1";"8.130,0";"31,2";"31,2";"7,9";"7,9";"690,2";"690,8";"54,8";"54,8";"4.806,2";"4.789,5";"2,2";"2,2";"188,6";"188,3"
"09183";"Mühldorf a.Inn";"Landkreis";"10,7";"10,8";"1.315,0";"1.322,2";"0,4";"0,4";"26,1";"26,3";"89,7";"89,7";"6.381,6";"6.307,5";"63,9";"63,9";"2,9";"2,9";"204,6";"200,5";"22,9";"22,8";"1.626,9";"1.606,9";"1,3";"1,3";"89,5";"88,6"
"09184";"München";"Landkreis";"20,4";"20,6";"2.532,3";"2.536,7";"2,1";"2,1";"40,4";"40,7";"81,8";"81,7";"1.583,1";"1.567,0";"30,7";"30,6";"4,9";"4,9";"95,5";"94,0";"45,0";"44,9";"869,5";"861,2";"1,6";"1,7";"31,8";"32,2"
"09185";"Neuburg-Schrobenhausen";"Landkreis";"11,8";"11,8";"1.100,6";"1.100,0";"0,6";"0,6";"43,2";"43,8";"88,8";"88,8";"6.863,3";"6.830,6";"60,5";"60,3";"4,8";"5,0";"373,3";"381,8";"23,6";"23,7";"1.824,7";"1.824,3";"1,8";"1,8";"137,1";"139,4"
"09186";"Pfaffenhofen a.d.Ilm";"Landkreis";"13,7";"13,8";"1.200,4";"1.198,8";"0,6";"0,6";"38,5";"38,3";"87,0";"86,8";"5.292,6";"5.235,6";"57,9";"57,8";"4,1";"4,0";"248,2";"239,1";"25,2";"25,3";"1.530,6";"1.523,3";"1,7";"1,8";"105,4";"105,6"
"09187";"Rosenheim";"Landkreis";"11,1";"11,2";"1.607,4";"1.611,9";"0,6";"0,6";"34,1";"34,2";"89,5";"89,5";"5.005,2";"4.964,3";"47,0";"46,9";"7,1";"7,0";"397,5";"388,6";"35,7";"35,8";"1.996,0";"1.986,7";"2,7";"2,7";"150,5";"149,5"
"09188";"Starnberg";"Landkreis";"14,5";"14,8";"1.903,0";"1.874,2";"1,3";"1,3";"48,6";"48,2";"86,9";"86,6";"3.146,1";"3.115,9";"31,5";"31,3";"17,6";"17,5";"638,5";"629,1";"37,3";"37,3";"1.349,7";"1.343,5";"13,3";"13,3";"483,0";"479,8"
"09189";"Traunstein";"Landkreis";"8,5";"8,6";"1.339,1";"1.338,5";"0,6";"0,6";"51,1";"50,4";"92,1";"92,0";"8.049,8";"8.006,2";"43,2";"43,1";"11,1";"11,1";"972,2";"968,1";"37,5";"37,6";"3.282,1";"3.269,9";"6,6";"6,6";"573,6";"570,9"
"09190";"Weilheim-Schongau";"Landkreis";"9,4";"9,4";"1.475,8";"1.474,5";"0,6";"0,6";"45,4";"45,3";"91,3";"91,2";"6.589,2";"6.567,4";"51,6";"51,6";"7,1";"7,0";"511,6";"505,8";"33,0";"33,0";"2.385,2";"2.378,7";"2,2";"2,2";"159,8";"159,3"
"09261";"Landshut, Stadt";"krsfr. Stadt";"33,4";"33,6";"3.181,5";"3.222,9";"2,6";"2,6";"24,6";"23,7";"69,4";"69,3";"652,8";"640,4";"40,8";"40,7";"8,1";"8,1";"76,3";"74,4";"19,5";"19,6";"183,4";"181,6";"2,5";"2,5";"23,7";"23,5"
"09262";"Passau, Stadt";"krsfr. Stadt";"32,0";"32,1";"2.296,5";"2.321,0";"1,6";"1,6";"21,9";"21,4";"69,8";"69,7";"950,6";"936,3";"25,8";"25,7";"10,1";"10,1";"137,8";"135,4";"33,2";"33,1";"451,5";"444,8";"7,2";"7,3";"98,7";"97,5"
"09263";"Straubing, Stadt";"krsfr. Stadt";"29,5";"29,7";"2.363,0";"2.371,0";"2,5";"2,6";"36,1";"36,4";"73,1";"73,0";"1.048,5";"1.036,9";"57,8";"57,5";"12,1";"12,2";"173,5";"173,6";"1,9";"1,9";"27,2";"26,7";"5,3";"5,2";"75,3";"74,0"
"09271";"Deggendorf";"Landkreis";"12,1";"12,1";"1.129,0";"1.136,3";"0,4";"0,4";"31,8";"29,7";"88,4";"88,3";"6.471,6";"6.405,0";"53,9";"53,6";"5,9";"6,0";"428,7";"438,1";"29,1";"29,2";"2.132,0";"2.119,0";"2,4";"2,5";"178,3";"179,6"
"09272";"Freyung-Grafenau";"Landkreis";"9,3";"9,3";"859,0";"855,4";"0,5";"0,5";"66,6";"67,1";"91,3";"91,3";"11.490,8";"11.459,8";"30,0";"29,9";"3,8";"3,8";"482,3";"471,9";"57,6";"57,7";"7.249,8";"7.243,6";"0,7";"0,7";"85,6";"85,6"
"09273";"Kelheim";"Landkreis";"10,5";"10,5";"1.077,5";"1.081,7";"0,4";"0,4";"36,0";"35,8";"90,0";"89,9";"7.990,3";"7.909,7";"46,4";"46,3";"4,2";"4,2";"371,0";"366,8";"39,8";"39,7";"3.529,3";"3.495,7";"1,2";"1,2";"108,4";"107,3"
"09274";"Landshut";"Landkreis";"11,0";"11,1";"1.049,6";"1.047,9";"0,4";"0,4";"34,1";"33,7";"89,4";"89,3";"7.753,9";"7.652,9";"63,4";"63,2";"3,0";"3,1";"261,1";"261,9";"22,9";"22,9";"1.982,5";"1.962,5";"0,8";"0,8";"65,7";"65,2"
"09275";"Passau";"Landkreis";"12,8";"12,8";"966,0";"969,7";"0,8";"0,8";"64,2";"63,8";"88,1";"88,0";"7.132,1";"7.067,7";"55,0";"54,9";"3,8";"3,8";"307,1";"306,1";"29,0";"29,0";"2.349,7";"2.331,8";"1,9";"1,9";"151,0";"150,1"
"09276";"Regen";"Landkreis";"8,2";"8,4";"962,1";"948,1";"0,5";"0,5";"58,4";"59,1";"92,3";"92,1";"11.651,3";"11.587,6";"25,5";"25,3";"2,9";"2,9";"364,2";"362,5";"64,0";"64,1";"8.077,5";"8.064,4";"0,8";"0,8";"103,6";"104,1"
"09277";"Rottal-Inn";"Landkreis";"10,2";"10,3";"917,5";"913,6";"0,4";"0,4";"41,6";"41,8";"90,2";"90,1";"9.665,8";"9.594,1";"61,6";"61,4";"2,9";"2,9";"310,2";"308,4";"25,9";"25,9";"2.773,7";"2.762,0";"1,0";"1,0";"107,3";"106,6"
"09278";"Straubing-Bogen";"Landkreis";"10,2";"10,3";"808,4";"809,3";"0,4";"0,4";"50,4";"51,1";"90,2";"90,2";"10.927,0";"10.854,1";"58,6";"58,5";"4,8";"4,9";"583,3";"589,3";"27,6";"27,5";"3.340,4";"3.314,8";"1,7";"1,7";"202,4";"202,0"
"09279";"Dingolfing-Landau";"Landkreis";"11,5";"11,6";"941,8";"937,8";"0,4";"0,5";"41,2";"41,5";"89,0";"88,8";"8.216,6";"8.135,6";"62,6";"62,5";"5,2";"5,0";"476,6";"462,3";"21,7";"21,7";"2.002,7";"1.991,4";"1,7";"1,7";"157,1";"155,9"
"09361";"Amberg, Stadt";"krsfr. Stadt";"34,7";"34,8";"2.436,6";"2.423,9";"2,4";"2,4";"28,6";"28,9";"68,0";"67,9";"805,2";"806,2";"39,6";"39,5";"5,2";"5,3";"62,1";"62,7";"21,7";"21,7";"257,2";"257,5";"0,7";"0,7";"8,3";"8,3"
"09362";"Regensburg, Stadt";"krsfr. Stadt";"56,1";"56,2";"3.277,6";"3.321,5";"7,2";"7,1";"39,0";"38,0";"51,5";"51,3";"280,0";"274,8";"28,7";"28,1";"8,1";"8,8";"44,1";"47,3";"7,3";"7,5";"39,9";"40,3";"3,3";"3,3";"17,9";"17,6"
"09363";"Weiden i.d.OPf., Stadt";"krsfr. Stadt";"29,5";"29,5";"2.044,0";"2.042,4";"2,6";"2,7";"44,0";"44,2";"73,4";"73,3";"1.218,8";"1.216,7";"34,2";"34,1";"5,8";"5,6";"97,0";"93,6";"31,2";"32,1";"518,9";"532,4";"1,1";"1,1";"18,4";"18,3"
"09371";"Amberg-Sulzbach";"Landkreis";"9,5";"9,6";"859,6";"853,2";"0,4";"0,4";"50,1";"49,8";"90,9";"90,8";"11.081,8";"11.093,3";"39,6";"39,6";"3,6";"3,6";"434,6";"434,6";"48,1";"48,1";"5.861,4";"5.870,7";"0,9";"0,9";"108,7";"109,2"
"09372";"Cham";"Landkreis";"10,4";"10,4";"805,1";"802,2";"0,4";"0,4";"49,6";"49,3";"90,1";"90,0";"10.788,2";"10.796,5";"43,2";"43,0";"4,0";"4,0";"473,2";"475,3";"43,4";"43,7";"5.199,3";"5.236,5";"1,1";"1,1";"130,3";"129,9"
"09373";"Neumarkt i.d.OPf.";"Landkreis";"10,7";"10,7";"918,8";"923,1";"0,5";"0,5";"55,1";"55,6";"89,9";"89,9";"9.177,6";"9.107,6";"43,8";"43,8";"8,3";"8,3";"848,7";"842,0";"37,7";"37,7";"3.850,1";"3.824,3";"0,5";"0,5";"55,4";"55,4"
"09374";"Neustadt a.d.Waldnaab";"Landkreis";"10,1";"10,2";"653,1";"650,1";"0,4";"0,4";"54,0";"53,9";"90,2";"90,2";"13.629,4";"13.629,1";"35,4";"35,3";"8,5";"8,4";"1.285,3";"1.272,1";"46,9";"47,0";"7.085,3";"7.099,1";"1,7";"1,7";"256,9";"257,1"
"09375";"Regensburg";"Landkreis";"11,3";"11,3";"1.215,6";"1.226,5";"0,6";"0,6";"43,2";"42,2";"89,4";"89,4";"6.529,4";"6.470,4";"50,7";"50,5";"4,5";"4,6";"330,2";"336,0";"34,6";"34,7";"2.526,1";"2.509,2";"1,7";"1,7";"123,7";"123,0"
"09376";"Schwandorf";"Landkreis";"10,6";"10,8";"932,1";"933,8";"0,4";"0,4";"38,5";"39,1";"89,8";"89,7";"9.045,8";"8.926,9";"39,4";"39,5";"6,0";"6,0";"604,6";"602,2";"44,6";"44,3";"4.495,7";"4.414,9";"2,8";"2,8";"282,2";"280,5"
"09377";"Tirschenreuth";"Landkreis";"8,2";"8,2";"823,0";"816,2";"0,3";"0,4";"52,0";"56,8";"92,2";"92,2";"13.710,1";"13.743,2";"40,1";"40,0";"5,1";"5,1";"763,9";"762,0";"47,1";"47,1";"7.006,1";"7.023,4";"1,8";"1,8";"266,2";"267,7"
"09461";"Bamberg, Stadt";"krsfr. Stadt";"50,5";"50,3";"2.744,3";"2.809,6";"7,8";"7,7";"56,0";"54,7";"57,6";"57,8";"415,2";"408,9";"16,1";"16,1";"7,6";"7,3";"54,7";"51,7";"27,7";"27,9";"199,9";"197,2";"2,8";"2,8";"20,3";"20,0"
"09462";"Bayreuth, Stadt";"krsfr. Stadt";"42,3";"42,3";"2.583,6";"2.617,6";"6,8";"6,8";"62,1";"61,1";"64,8";"64,7";"592,9";"585,3";"33,7";"33,5";"6,3";"6,4";"57,6";"58,1";"20,1";"20,1";"183,9";"181,6";"0,8";"0,9";"7,7";"7,7"
"09463";"Coburg, Stadt";"krsfr. Stadt";"40,7";"40,8";"2.088,0";"2.094,3";"4,7";"4,7";"55,5";"55,0";"64,2";"64,2";"755,3";"751,3";"28,2";"28,1";"10,4";"10,4";"122,0";"122,2";"23,1";"23,1";"271,2";"270,4";"2,1";"2,1";"25,1";"25,0"
"09464";"Hof, Stadt";"krsfr. Stadt";"36,6";"36,6";"2.128,3";"2.161,3";"4,4";"4,4";"56,2";"55,5";"68,0";"68,0";"873,8";"858,5";"43,6";"43,5";"7,3";"7,3";"93,4";"92,1";"14,9";"14,9";"191,4";"188,0";"2,3";"2,3";"29,2";"28,7"
"09471";"Bamberg";"Landkreis";"10,2";"10,2";"1.221,8";"1.229,1";"0,7";"0,7";"55,9";"56,2";"90,5";"90,5";"7.237,4";"7.213,1";"44,8";"44,7";"5,6";"5,7";"451,2";"453,3";"40,6";"40,6";"3.245,0";"3.236,9";"1,4";"1,4";"108,5";"107,9"
"09472";"Bayreuth";"Landkreis";"9,3";"9,3";"878,4";"873,8";"0,5";"0,6";"67,3";"68,3";"91,3";"91,3";"11.193,4";"11.196,8";"40,8";"40,7";"4,2";"4,3";"516,9";"523,9";"47,0";"47,0";"5.761,9";"5.766,2";"0,5";"0,5";"64,0";"64,3"
"09473";"Coburg";"Landkreis";"12,9";"13,0";"1.135,6";"1.133,2";"0,9";"0,9";"59,0";"59,0";"88,0";"88,0";"5.991,1";"5.977,3";"50,6";"50,6";"5,8";"5,9";"398,0";"398,9";"31,8";"31,8";"2.166,2";"2.162,5";"0,6";"0,6";"39,2";"39,1"
"09474";"Forchheim";"Landkreis";"12,7";"12,7";"1.410,8";"1.411,6";"0,9";"0,9";"50,3";"50,4";"88,3";"88,3";"4.925,6";"4.905,7";"44,9";"44,8";"4,4";"4,5";"248,1";"249,1";"39,1";"39,1";"2.182,2";"2.174,7";"1,1";"1,1";"59,6";"59,4"
"09475";"Hof";"Landkreis";"11,7";"11,7";"920,7";"917,4";"0,8";"0,8";"71,0";"71,9";"89,1";"89,1";"8.293,5";"8.304,3";"49,6";"49,6";"3,9";"3,9";"364,6";"366,7";"35,8";"35,8";"3.334,4";"3.340,8";"0,9";"0,9";"83,6";"83,6"
"09476";"Kronach";"Landkreis";"9,9";"9,9";"1.053,3";"1.049,5";"0,5";"0,5";"49,4";"49,9";"90,7";"90,7";"8.739,4";"8.756,6";"28,3";"28,2";"3,7";"3,7";"352,4";"355,5";"59,0";"59,1";"5.689,0";"5.702,2";"0,8";"0,9";"81,6";"82,3"
"09477";"Kulmbach";"Landkreis";"11,3";"11,3";"971,7";"963,9";"0,5";"0,5";"46,3";"46,2";"89,3";"89,2";"8.165,8";"8.155,0";"48,6";"48,5";"3,9";"4,0";"357,8";"362,3";"37,4";"37,4";"3.422,8";"3.422,8";"0,7";"0,7";"64,3";"64,4"
"09478";"Lichtenfels";"Landkreis";"11,6";"11,6";"1.109,4";"1.107,4";"0,7";"0,7";"51,2";"51,5";"89,2";"89,1";"6.956,2";"6.938,9";"44,3";"44,3";"7,0";"7,0";"548,3";"547,8";"38,5";"38,5";"3.004,5";"2.998,0";"1,5";"1,5";"118,4";"118,6"
"09479";"Wunsiedel i.Fichtelgebirge";"Landkreis";"11,3";"11,3";"1.068,1";"1.069,5";"0,6";"0,6";"49,3";"48,7";"89,3";"89,3";"7.393,4";"7.368,4";"38,4";"38,3";"5,0";"5,1";"413,0";"417,1";"46,1";"46,2";"3.818,9";"3.811,0";"1,4";"1,4";"114,8";"113,8"
"09561";"Ansbach, Stadt";"krsfr. Stadt";"23,0";"23,1";"1.805,0";"1.803,1";"1,5";"1,5";"35,4";"34,8";"78,6";"78,5";"1.890,1";"1.882,0";"44,0";"43,9";"4,9";"4,9";"116,8";"116,4";"29,1";"29,2";"699,5";"699,6";"0,5";"0,5";"13,0";"13,0"
"09562";"Erlangen, Stadt";"krsfr. Stadt";"41,4";"41,5";"3.456,8";"3.476,3";"3,2";"3,2";"22,5";"22,2";"62,1";"62,0";"433,3";"429,8";"30,2";"30,2";"7,7";"7,7";"53,7";"53,7";"22,3";"22,3";"155,8";"154,8";"3,5";"3,5";"24,6";"24,3"
"09563";"Fürth, Stadt";"krsfr. Stadt";"46,8";"47,0";"4.233,7";"4.253,0";"5,5";"5,5";"27,8";"27,5";"59,3";"59,1";"299,5";"295,7";"34,8";"34,7";"7,2";"7,0";"36,4";"34,9";"12,9";"13,0";"65,2";"64,9";"2,1";"2,1";"10,8";"10,7"
"09564";"Nürnberg, Stadt";"krsfr. Stadt";"61,9";"62,0";"4.431,2";"4.457,9";"8,2";"8,2";"30,0";"29,8";"47,1";"47,0";"171,5";"170,1";"17,4";"17,3";"5,1";"5,1";"18,5";"18,4";"16,7";"16,7";"61,0";"60,5";"1,9";"1,9";"6,8";"6,7"
"09565";"Schwabach, Stadt";"krsfr. Stadt";"35,1";"35,0";"2.838,7";"2.859,8";"2,3";"2,3";"22,8";"22,6";"67,5";"67,6";"676,3";"676,5";"32,7";"32,7";"4,7";"4,8";"46,9";"48,3";"28,8";"28,8";"288,2";"287,6";"0,7";"0,7";"7,4";"7,4"
"09571";"Ansbach";"Landkreis";"10,5";"10,5";"883,5";"885,3";"0,6";"0,6";"60,2";"60,5";"90,1";"90,1";"9.753,1";"9.692,0";"56,7";"56,6";"5,0";"5,0";"541,4";"537,3";"28,6";"28,6";"3.094,6";"3.076,8";"0,9";"0,9";"96,2";"95,7"
"09572";"Erlangen-Höchstadt";"Landkreis";"13,8";"13,9";"1.728,4";"1.725,3";"1,0";"1,0";"40,5";"40,4";"87,2";"87,2";"3.658,3";"3.635,7";"37,6";"37,5";"7,3";"7,3";"305,9";"304,0";"42,1";"42,1";"1.763,9";"1.755,1";"3,7";"3,7";"153,3";"152,6"
"09573";"Fürth";"Landkreis";"17,4";"17,5";"2.162,0";"2.157,7";"1,3";"1,4";"35,2";"35,9";"84,0";"83,9";"2.226,5";"2.221,1";"53,4";"53,2";"4,2";"4,3";"110,7";"112,8";"25,7";"25,7";"681,2";"679,8";"0,9";"0,9";"23,5";"23,4"
"09574";"Nürnberger Land";"Landkreis";"13,3";"13,4";"1.584,7";"1.585,3";"1,0";"1,0";"45,9";"45,7";"87,7";"87,6";"4.151,7";"4.127,8";"31,5";"31,5";"4,3";"4,3";"204,9";"203,2";"52,0";"52,0";"2.460,3";"2.448,0";"0,7";"0,7";"34,8";"34,9"
"09575";"Neustadt a.d.Aisch-Bad Windsheim";"Landkreis";"9,8";"9,9";"796,3";"795,9";"0,5";"0,5";"59,2";"59,1";"90,7";"90,6";"11.567,6";"11.527,3";"57,0";"57,0";"4,5";"4,5";"578,6";"576,3";"29,3";"29,3";"3.739,4";"3.728,1";"0,7";"0,7";"91,7";"91,6"
"09576";"Roth";"Landkreis";"11,9";"12,0";"1.174,1";"1.172,8";"0,6";"0,6";"46,0";"45,8";"88,7";"88,7";"6.326,4";"6.294,8";"39,1";"39,0";"4,6";"4,6";"328,9";"328,4";"45,0";"45,0";"3.206,9";"3.192,1";"1,4";"1,4";"97,2";"96,7"
"09577";"Weißenburg-Gunzenhausen";"Landkreis";"10,5";"10,6";"919,2";"917,0";"0,7";"0,7";"73,3";"72,1";"90,2";"90,2";"9.321,3";"9.292,1";"49,4";"49,3";"6,2";"6,2";"639,2";"638,1";"34,5";"34,5";"3.559,7";"3.554,5";"2,0";"2,0";"209,1";"208,8"
"09661";"Aschaffenburg, Stadt";"krsfr. Stadt";"39,6";"39,6";"2.796,6";"2.824,2";"7,3";"7,4";"66,3";"65,8";"68,2";"68,1";"615,1";"608,5";"21,5";"21,4";"10,1";"10,0";"90,8";"89,4";"31,5";"31,6";"284,7";"281,9";"2,6";"2,6";"23,4";"23,2"
"09662";"Schweinfurt, Stadt";"krsfr. Stadt";"55,5";"55,5";"2.660,1";"2.696,1";"7,9";"7,9";"53,5";"52,8";"52,8";"52,8";"357,5";"352,9";"20,7";"20,3";"9,3";"9,6";"63,0";"64,2";"16,4";"16,5";"110,8";"110,4";"3,9";"4,0";"26,6";"26,8"
"09663";"Würzburg, Stadt";"krsfr. Stadt";"47,9";"48,0";"3.003,8";"3.010,1";"7,4";"7,4";"51,1";"51,0";"59,9";"59,8";"416,2";"413,4";"26,7";"26,6";"9,7";"9,7";"67,4";"67,0";"19,6";"19,6";"135,9";"135,4";"1,3";"1,3";"9,0";"9,0"
"09671";"Aschaffenburg";"Landkreis";"14,3";"14,3";"1.735,7";"1.735,4";"1,2";"1,2";"47,8";"48,2";"87,0";"87,0";"3.503,7";"3.493,2";"23,9";"23,9";"6,4";"6,4";"256,9";"256,0";"57,0";"57,0";"2.295,3";"2.289,7";"0,9";"0,9";"37,3";"37,2"
"09672";"Bad Kissingen";"Landkreis";"10,7";"10,7";"850,8";"852,0";"0,6";"0,6";"66,1";"65,8";"90,0";"90,0";"9.923,6";"9.907,0";"35,5";"35,5";"7,0";"7,0";"770,6";"769,5";"48,3";"48,3";"5.327,4";"5.322,1";"0,4";"0,4";"47,2";"47,4"
"09673";"Rhön-Grabfeld";"Landkreis";"9,9";"9,9";"792,7";"791,5";"0,6";"0,6";"74,9";"74,6";"90,8";"90,8";"11.612,5";"11.619,9";"48,6";"48,6";"5,1";"5,1";"647,7";"653,5";"37,7";"37,7";"4.821,5";"4.822,3";"0,3";"0,4";"44,6";"46,2"
"09674";"Haßberge";"Landkreis";"10,2";"10,3";"860,9";"859,2";"0,7";"0,7";"78,2";"78,1";"90,5";"90,5";"10.254,9";"10.240,3";"45,4";"45,4";"4,6";"4,6";"523,5";"518,9";"41,1";"41,2";"4.663,0";"4.664,1";"1,2";"1,2";"132,2";"131,9"
"09675";"Kitzingen";"Landkreis";"13,8";"13,9";"950,9";"951,8";"1,1";"1,1";"82,9";"83,0";"87,4";"87,3";"6.663,0";"6.606,6";"59,2";"59,1";"5,5";"5,5";"421,0";"417,0";"23,0";"23,0";"1.750,3";"1.737,7";"1,4";"1,4";"107,3";"107,0"
"09676";"Miltenberg";"Landkreis";"11,4";"11,4";"1.574,5";"1.572,1";"1,1";"1,1";"63,6";"63,3";"89,8";"89,8";"4.998,6";"5.000,1";"26,8";"26,9";"3,7";"3,6";"206,8";"202,9";"59,0";"59,0";"3.284,7";"3.288,4";"1,2";"1,2";"66,4";"66,3"
"09677";"Main-Spessart";"Landkreis";"9,4";"9,4";"1.021,4";"1.017,1";"0,6";"0,6";"61,4";"60,6";"91,3";"91,2";"9.547,3";"9.524,0";"32,1";"32,0";"4,6";"4,7";"484,9";"486,7";"55,8";"55,8";"5.841,2";"5.827,4";"1,1";"1,1";"112,6";"112,9"
"09678";"Schweinfurt";"Landkreis";"12,6";"12,6";"1.084,1";"1.084,4";"1,0";"1,0";"71,1";"70,7";"88,4";"88,4";"6.480,6";"6.462,4";"58,3";"58,2";"3,9";"3,9";"285,5";"283,8";"26,2";"26,3";"1.923,4";"1.920,3";"0,9";"0,9";"64,9";"65,2"
"09679";"Würzburg";"Landkreis";"12,3";"12,3";"1.346,8";"1.349,2";"0,8";"0,8";"48,6";"49,2";"88,5";"88,5";"5.322,9";"5.313,6";"61,4";"61,3";"4,6";"4,5";"274,3";"271,7";"23,1";"23,2";"1.386,7";"1.390,3";"0,5";"0,5";"31,4";"31,4"
"09761";"Augsburg, Stadt";"krsfr. Stadt";"43,4";"43,8";"4.545,3";"4.555,2";"6,0";"6,2";"30,5";"30,9";"63,2";"62,9";"320,4";"315,7";"25,9";"25,7";"6,6";"6,4";"33,6";"32,2";"25,6";"25,7";"130,1";"129,0";"2,8";"2,8";"14,2";"14,0"
"09762";"Kaufbeuren, Stadt";"krsfr. Stadt";"37,9";"38,4";"2.841,5";"2.832,4";"1,7";"1,7";"15,5";"15,9";"64,2";"63,8";"595,6";"587,4";"33,4";"33,5";"3,9";"3,8";"36,2";"35,2";"25,3";"25,0";"234,4";"229,8";"2,1";"2,1";"19,7";"19,6"
"09763";"Kempten (Allgäu), Stadt";"krsfr. Stadt";"32,8";"33,0";"3.249,7";"3.270,9";"3,9";"3,8";"36,1";"35,6";"71,3";"71,1";"668,0";"658,6";"51,1";"50,7";"4,9";"5,0";"45,9";"46,1";"12,9";"13,0";"120,5";"120,3";"1,9";"1,9";"17,9";"17,9"
"09764";"Memmingen, Stadt";"krsfr. Stadt";"25,9";"26,0";"2.385,3";"2.388,5";"1,5";"1,5";"24,0";"23,9";"75,8";"75,8";"1.227,9";"1.222,0";"46,8";"46,8";"3,3";"3,2";"52,9";"52,0";"24,7";"24,7";"399,4";"397,7";"0,7";"0,7";"10,9";"10,8"
"09771";"Aichach-Friedberg";"Landkreis";"12,1";"12,1";"1.396,5";"1.405,8";"0,5";"0,5";"31,2";"30,9";"88,5";"88,5";"5.256,1";"5.206,9";"59,5";"59,6";"3,6";"3,5";"215,6";"207,7";"25,6";"25,6";"1.518,4";"1.503,6";"1,1";"1,1";"62,6";"62,0"
"09772";"Augsburg";"Landkreis";"15,5";"15,5";"1.491,8";"1.503,0";"0,9";"0,9";"39,4";"39,0";"85,5";"85,5";"3.697,1";"3.661,8";"48,1";"48,1";"3,8";"3,8";"163,3";"161,6";"33,4";"33,4";"1.444,6";"1.432,6";"0,9";"1,0";"40,9";"40,8"
"09773";"Dillingen a.d.Donau";"Landkreis";"11,8";"11,9";"1.009,1";"1.011,5";"0,5";"0,5";"44,5";"44,0";"88,7";"88,7";"7.435,8";"7.384,6";"59,7";"59,6";"6,1";"6,1";"507,1";"503,8";"23,6";"23,6";"1.976,7";"1.964,6";"2,8";"2,8";"234,6";"233,8"
"09774";"Günzburg";"Landkreis";"14,2";"14,3";"1.139,3";"1.143,0";"0,7";"0,7";"44,7";"44,1";"86,6";"86,5";"5.344,0";"5.295,5";"52,0";"51,9";"5,5";"5,5";"336,8";"337,4";"29,4";"29,4";"1.812,5";"1.799,6";"1,9";"2,0";"119,4";"120,0"
"09775";"Neu-Ulm";"Landkreis";"18,2";"18,3";"1.825,5";"1.830,5";"1,2";"1,3";"37,5";"37,9";"83,2";"83,1";"2.509,2";"2.484,3";"47,7";"47,6";"5,6";"5,6";"168,4";"166,2";"29,7";"29,7";"896,2";"888,5";"2,3";"2,3";"68,7";"68,3"
"09776";"Lindau (Bodensee)";"Landkreis";"13,7";"13,7";"1.831,7";"1.826,0";"1,1";"1,1";"45,1";"45,0";"87,5";"87,5";"3.496,6";"3.485,9";"56,6";"56,4";"2,6";"2,6";"104,6";"103,5";"27,7";"27,8";"1.107,2";"1.109,7";"0,9";"0,9";"35,1";"35,2"
"09777";"Ostallgäu";"Landkreis";"8,2";"8,3";"1.211,7";"1.203,2";"0,4";"0,4";"43,0";"43,0";"92,3";"92,2";"9.306,2";"9.227,1";"55,6";"55,5";"6,4";"6,3";"641,0";"632,3";"31,3";"31,3";"3.154,9";"3.136,1";"2,6";"2,6";"265,5";"264,4"
"09778";"Unterallgäu";"Landkreis";"11,0";"11,1";"1.046,3";"1.048,3";"0,5";"0,5";"46,1";"46,4";"89,6";"89,5";"7.803,8";"7.721,5";"60,6";"60,5";"3,5";"3,4";"302,3";"297,5";"25,7";"25,7";"2.239,5";"2.219,1";"1,1";"1,1";"97,0";"96,7"
"09779";"Donau-Ries";"Landkreis";"11,2";"11,2";"928,9";"933,0";"0,6";"0,6";"57,5";"56,8";"89,5";"89,4";"8.618,9";"8.569,0";"58,4";"58,3";"4,6";"4,6";"439,7";"439,9";"26,6";"26,6";"2.562,5";"2.549,4";"1,5";"1,4";"140,4";"138,2"
"09780";"Oberallgäu";"Landkreis";"6,7";"6,8";"1.497,6";"1.491,8";"0,5";"0,5";"45,5";"45,8";"93,8";"93,7";"9.317,8";"9.263,5";"45,8";"45,6";"12,4";"12,4";"1.236,7";"1.225,8";"37,2";"37,3";"3.691,9";"3.682,7";"1,6";"1,6";"161,3";"160,6"
"10041";"Regionalverband Saarbrücken";"Landkreis";"32,2";"32,3";"2.488,2";"2.490,8";"2,1";"2,1";"25,8";"25,9";"70,4";"70,4";"878,2";"876,6";"25,1";"25,1";"1,7";"1,7";"21,5";"21,5";"41,2";"41,2";"513,9";"512,9";"0,8";"0,8";"10,4";"10,4"
"10042";"Merzig-Wadern";"Landkreis";"13,9";"14,0";"1.339,7";"1.332,7";"0,9";"0,9";"47,3";"47,5";"87,0";"87,0";"4.663,4";"4.672,5";"45,5";"45,5";"2,2";"2,2";"118,4";"118,8";"38,7";"38,7";"2.074,0";"2.078,2";"1,2";"1,2";"64,6";"64,7"
"10043";"Neunkirchen";"Landkreis";"26,6";"26,6";"2.019,0";"2.007,5";"1,3";"1,3";"25,0";"25,2";"75,2";"75,2";"1.401,5";"1.408,5";"42,4";"42,3";"1,8";"1,8";"32,9";"33,1";"29,3";"29,3";"546,0";"548,8";"0,8";"0,8";"14,3";"14,4"
"10044";"Saarlouis";"Landkreis";"24,3";"24,3";"1.762,2";"1.753,7";"1,3";"1,3";"29,9";"30,1";"77,2";"77,2";"1.803,9";"1.810,8";"48,0";"48,0";"2,9";"2,9";"68,0";"68,2";"25,2";"25,2";"589,6";"591,9";"1,5";"1,5";"33,9";"34,1"
"10045";"Saarpfalz-Kreis";"Landkreis";"20,1";"20,1";"1.715,5";"1.705,9";"1,1";"1,1";"31,5";"31,7";"81,2";"81,2";"2.357,6";"2.368,6";"45,6";"45,6";"1,7";"1,7";"50,5";"50,8";"32,9";"32,9";"954,1";"958,6";"0,6";"0,6";"17,1";"17,2"
"10046";"St. Wendel";"Landkreis";"16,1";"16,1";"1.157,2";"1.148,7";"1,3";"1,3";"71,0";"71,1";"85,4";"85,4";"4.595,6";"4.625,4";"48,5";"48,4";"2,5";"2,5";"134,6";"135,7";"33,4";"33,4";"1.798,0";"1.810,0";"1,0";"1,0";"51,4";"51,8"
"11000";"Berlin, Stadt";"krsfr. Stadt";"70,4";"70,5";"5.699,6";"5.752,3";"13,3";"13,4";"33,2";"33,2";"44,2";"44,2";"110,2";"109,0";"4,2";"4,1";"7,7";"7,7";"19,1";"18,9";"18,4";"18,5";"45,9";"45,6";"6,6";"6,6";"16,5";"16,3"
"12051";"Brandenburg an der Havel, Stadt";"krsfr. Stadt";"22,2";"22,2";"1.407,9";"1.410,4";"3,3";"3,3";"105,4";"105,2";"81,3";"81,3";"2.605,4";"2.596,6";"29,5";"29,5";"20,3";"20,3";"651,4";"649,9";"28,7";"28,8";"921,1";"919,2";"17,0";"17,0";"545,2";"543,8"
"12052";"Cottbus, Stadt";"krsfr. Stadt";"30,2";"30,2";"2.007,5";"2.019,5";"5,3";"5,3";"87,5";"86,6";"75,4";"75,4";"1.244,1";"1.236,1";"30,0";"30,0";"9,6";"9,6";"159,1";"157,4";"21,6";"21,6";"355,5";"354,3";"3,4";"3,4";"55,7";"55,3"
"12053";"Frankfurt (Oder), Stadt";"krsfr. Stadt";"23,9";"23,9";"1.644,3";"1.645,1";"5,2";"5,1";"132,0";"130,5";"81,5";"81,4";"2.070,0";"2.066,9";"44,7";"44,7";"6,2";"6,3";"157,9";"159,3";"27,0";"27,0";"685,0";"685,8";"3,6";"3,6";"91,1";"91,2"
"12054";"Potsdam, Stadt";"krsfr. Stadt";"30,4";"30,4";"3.005,2";"3.068,1";"5,3";"5,3";"58,0";"56,7";"75,2";"75,2";"824,5";"805,7";"30,2";"30,0";"14,5";"14,6";"159,2";"156,3";"25,2";"25,3";"276,1";"271,0";"10,9";"10,9";"119,7";"117,1"
"12060";"Barnim";"Landkreis";"11,0";"11,0";"1.100,8";"1.106,6";"0,7";"0,7";"59,9";"59,7";"89,8";"89,8";"7.412,1";"7.347,7";"36,1";"36,1";"9,7";"9,7";"800,4";"794,4";"45,8";"45,8";"3.777,6";"3.746,7";"4,8";"4,8";"398,8";"395,5"
"12061";"Dahme-Spreewald";"Landkreis";"9,5";"9,5";"770,4";"771,4";"0,7";"0,7";"95,2";"96,9";"91,3";"91,2";"12.500,8";"12.402,4";"38,8";"38,7";"5,4";"5,4";"744,1";"740,5";"45,3";"45,3";"6.202,3";"6.155,9";"3,9";"3,9";"536,2";"532,2"
"12062";"Elbe-Elster";"Landkreis";"8,1";"8,0";"682,0";"677,7";"0,7";"0,7";"128,3";"129,9";"92,7";"92,7";"16.868,5";"17.026,9";"51,2";"51,2";"3,0";"3,1";"553,6";"565,0";"35,9";"35,9";"6.531,9";"6.598,5";"1,7";"1,7";"301,4";"304,1"
"12063";"Havelland";"Landkreis";"10,3";"10,3";"900,1";"905,2";"0,7";"0,7";"74,1";"73,9";"90,5";"90,5";"9.787,5";"9.724,5";"57,7";"57,6";"6,9";"6,9";"743,1";"743,1";"25,4";"25,4";"2.744,4";"2.731,8";"3,1";"3,1";"335,4";"333,6"
"12064";"Märkisch-Oderland";"Landkreis";"11,2";"11,2";"794,0";"797,2";"1,8";"1,7";"197,4";"194,0";"90,6";"90,6";"10.207,9";"10.137,4";"61,2";"61,2";"4,2";"4,2";"474,4";"473,2";"23,9";"23,9";"2.694,9";"2.678,7";"2,7";"2,7";"301,0";"298,9"
"12065";"Oberhavel";"Landkreis";"10,5";"10,4";"1.095,7";"1.121,3";"0,7";"0,7";"60,1";"60,1";"90,2";"90,4";"7.820,1";"7.789,0";"42,7";"42,7";"6,8";"6,8";"588,9";"586,2";"40,3";"40,5";"3.488,7";"3.487,4";"3,7";"3,7";"320,1";"318,3"
"12066";"Oberspreewald-Lausitz";"Landkreis";"11,7";"11,7";"780,5";"777,4";"1,2";"1,2";"133,0";"136,1";"89,6";"89,6";"9.787,1";"9.867,4";"34,7";"34,7";"8,1";"8,1";"884,1";"893,6";"37,9";"38,0";"4.136,2";"4.177,4";"3,6";"3,6";"390,6";"395,4"
"12067";"Oder-Spree";"Landkreis";"9,7";"9,7";"815,6";"812,7";"1,3";"1,3";"159,7";"160,2";"91,6";"91,6";"11.560,2";"11.591,8";"37,0";"37,0";"5,6";"5,6";"701,2";"710,9";"48,2";"48,2";"6.076,5";"6.102,4";"3,7";"3,7";"470,2";"472,6"
"12068";"Ostprignitz-Ruppin";"Landkreis";"6,4";"6,4";"617,1";"615,7";"0,4";"0,5";"114,2";"114,6";"94,1";"94,1";"23.921,0";"23.929,1";"54,6";"54,6";"6,6";"6,6";"1.673,2";"1.671,5";"32,6";"32,6";"8.282,7";"8.287,5";"3,2";"3,2";"824,3";"824,3"
"12069";"Potsdam-Mittelmark";"Landkreis";"9,0";"9,0";"914,0";"915,4";"0,6";"0,6";"75,3";"75,2";"91,8";"91,8";"11.211,0";"11.154,9";"46,0";"45,9";"4,5";"4,5";"552,1";"549,7";"40,8";"40,8";"4.979,0";"4.955,6";"2,7";"2,7";"334,6";"333,0"
"12070";"Prignitz";"Landkreis";"6,9";"7,0";"524,5";"516,7";"0,3";"0,3";"91,5";"92,0";"93,5";"93,4";"25.687,9";"25.856,7";"67,9";"67,9";"2,5";"2,5";"681,9";"687,3";"22,9";"22,8";"6.282,9";"6.324,5";"1,9";"1,9";"527,3";"531,2"
"12071";"Spree-Neiße";"Landkreis";"9,8";"9,8";"721,5";"712,7";"0,7";"0,7";"93,7";"94,8";"91,0";"91,0";"12.902,4";"13.054,9";"35,1";"35,1";"4,0";"4,1";"567,7";"582,7";"45,2";"45,2";"6.405,5";"6.488,2";"2,9";"2,9";"410,0";"414,8"
"12072";"Teltow-Fläming";"Landkreis";"9,9";"9,9";"790,1";"797,5";"1,1";"1,1";"142,6";"140,9";"91,3";"91,2";"11.655,3";"11.503,1";"45,5";"45,5";"6,7";"6,7";"860,4";"846,7";"41,3";"41,3";"5.278,0";"5.210,7";"1,6";"1,6";"210,7";"207,9"
"12073";"Uckermark";"Landkreis";"6,5";"6,6";"600,2";"596,6";"0,7";"0,7";"174,7";"175,6";"94,2";"94,2";"23.976,4";"24.079,9";"62,5";"62,5";"7,1";"7,1";"1.809,3";"1.819,0";"24,5";"24,5";"6.225,2";"6.253,6";"4,8";"4,7";"1.210,1";"1.213,6"
"13003";"Rostock, Stadt";"krsfr. Stadt";"41,0";"41,0";"2.791,8";"2.800,1";"10,1";"10,2";"88,1";"88,4";"69,5";"69,5";"607,8";"604,6";"19,2";"19,2";"13,3";"13,3";"116,7";"115,7";"27,2";"27,2";"237,8";"236,7";"8,3";"8,2";"72,1";"71,7"
"13004";"Schwerin, Stadt";"krsfr. Stadt";"31,2";"31,2";"2.347,1";"2.352,0";"7,0";"7,0";"95,9";"95,5";"76,2";"76,3";"1.040,3";"1.039,2";"17,5";"17,5";"33,7";"34,0";"460,4";"462,6";"19,1";"19,1";"260,6";"260,9";"28,5";"28,5";"389,5";"388,9"
"13071";"Mecklenburgische Seenplatte";"Landkreis";"6,8";"6,8";"699,1";"694,5";"1,2";"1,2";"245,2";"248,8";"94,4";"94,4";"19.816,7";"19.911,0";"57,7";"57,6";"11,2";"11,3";"2.357,6";"2.376,6";"24,6";"24,6";"5.162,7";"5.192,5";"9,1";"9,1";"1.908,7";"1.918,0"
"13072";"Landkreis Rostock";"Landkreis";"8,9";"8,9";"701,2";"701,8";"1,8";"1,8";"287,0";"286,3";"92,9";"92,9";"14.906,4";"14.855,3";"68,2";"68,2";"7,1";"7,1";"1.138,0";"1.135,6";"17,0";"17,0";"2.720,8";"2.713,5";"3,6";"3,6";"575,7";"574,0"
"13073";"Vorpommern-Rügen";"Landkreis";"8,7";"8,7";"808,1";"806,9";"1,7";"1,7";"244,9";"246,5";"93,1";"93,1";"13.304,1";"13.296,9";"65,9";"65,9";"7,6";"7,6";"1.084,9";"1.087,0";"18,4";"18,5";"2.635,6";"2.639,3";"4,2";"4,2";"593,9";"593,7"
"13074";"Nordwestmecklenburg";"Landkreis";"8,9";"8,9";"832,1";"830,2";"2,1";"2,1";"282,7";"283,4";"93,3";"93,3";"12.651,4";"12.634,6";"71,1";"71,0";"7,0";"7,1";"948,1";"959,2";"13,5";"13,6";"1.834,3";"1.846,2";"4,5";"4,5";"603,7";"606,4"
"13075";"Vorpommern-Greifswald";"Landkreis";"8,7";"8,0";"692,7";"753,4";"1,2";"1,2";"202,2";"203,4";"92,6";"93,3";"15.391,2";"15.530,2";"60,8";"60,8";"8,8";"8,8";"1.460,1";"1.472,0";"22,0";"22,7";"3.653,3";"3.772,2";"6,3";"6,3";"1.041,0";"1.043,5"
"13076";"Ludwigslust-Parchim";"Landkreis";"7,6";"7,5";"586,0";"591,9";"1,4";"1,4";"303,0";"304,1";"93,8";"93,9";"21.033,5";"21.055,6";"59,3";"59,3";"5,6";"5,7";"1.247,6";"1.267,3";"28,3";"28,4";"6.343,3";"6.363,0";"3,8";"3,8";"843,5";"844,3"
"14511";"Chemnitz, Stadt";"krsfr. Stadt";"44,7";"44,8";"2.495,7";"2.492,0";"9,0";"9,0";"80,9";"80,7";"64,7";"64,6";"580,7";"578,1";"37,7";"37,6";"2,8";"2,8";"25,2";"25,3";"15,9";"15,9";"143,0";"142,7";"1,0";"1,0";"9,3";"9,2"
"14521";"Erzgebirgskreis";"Landkreis";"12,0";"12,0";"1.573,3";"1.548,7";"1,0";"1,0";"53,7";"54,9";"89,1";"89,1";"4.733,8";"4.783,7";"40,3";"40,3";"3,0";"3,0";"159,9";"162,0";"44,8";"44,8";"2.377,6";"2.404,5";"1,1";"1,1";"59,2";"59,8"
"14522";"Mittelsachsen";"Landkreis";"10,9";"10,9";"1.351,3";"1.331,5";"0,8";"0,8";"53,6";"55,0";"90,0";"89,9";"6.136,0";"6.178,5";"71,1";"71,0";"2,0";"2,0";"134,2";"135,6";"15,9";"15,9";"1.083,1";"1.091,8";"1,1";"1,1";"78,0";"78,6"
"14523";"Vogtlandkreis";"Landkreis";"11,4";"11,5";"1.431,6";"1.418,8";"0,9";"0,9";"57,6";"58,2";"89,6";"89,6";"5.477,9";"5.511,4";"46,4";"46,4";"3,0";"3,0";"182,6";"183,7";"39,1";"39,1";"2.391,4";"2.406,3";"1,2";"1,2";"74,4";"74,9"
"14524";"Zwickau";"Landkreis";"17,8";"18,0";"1.900,1";"1.869,9";"1,5";"1,6";"44,9";"46,6";"83,8";"83,7";"2.471,4";"2.484,0";"62,8";"62,6";"2,4";"2,4";"69,9";"70,4";"16,8";"16,8";"496,1";"499,8";"1,1";"1,1";"31,2";"31,4"
"14612";"Dresden, Stadt";"krsfr. Stadt";"41,7";"41,9";"3.995,1";"4.008,7";"5,1";"5,1";"30,6";"30,6";"63,9";"63,8";"383,7";"380,4";"32,5";"32,3";"3,6";"3,6";"21,4";"21,4";"22,4";"22,4";"134,6";"133,8";"2,1";"2,1";"12,5";"12,4"
"14625";"Bautzen";"Landkreis";"10,6";"10,6";"1.203,7";"1.190,8";"0,8";"0,8";"65,4";"65,9";"90,3";"90,3";"7.101,4";"7.146,4";"45,9";"45,8";"6,8";"6,8";"531,0";"535,7";"35,0";"35,0";"2.751,2";"2.770,8";"4,2";"4,2";"327,3";"329,6"
"14626";"Görlitz";"Landkreis";"12,3";"12,4";"997,9";"978,5";"1,6";"1,8";"132,9";"144,1";"89,5";"89,4";"7.311,2";"7.358,2";"44,7";"44,5";"5,2";"5,3";"421,7";"432,2";"35,8";"36,2";"2.924,9";"2.975,6";"3,3";"3,3";"271,4";"273,6"
"14627";"Meißen";"Landkreis";"11,9";"11,9";"1.411,1";"1.399,3";"1,1";"1,1";"64,3";"65,1";"89,3";"89,2";"5.323,6";"5.343,7";"69,6";"69,6";"5,2";"5,2";"310,8";"311,9";"13,6";"13,6";"811,7";"815,5";"2,2";"2,2";"132,3";"132,9"
"14628";"Sächsische Schweiz-Osterzgebirge";"Landkreis";"9,5";"9,6";"1.564,4";"1.552,3";"0,7";"0,7";"48,9";"49,3";"91,3";"91,2";"6.135,6";"6.148,9";"52,5";"52,5";"2,2";"2,2";"147,9";"148,5";"35,7";"35,7";"2.402,4";"2.409,1";"1,1";"1,1";"72,1";"72,2"
"14713";"Leipzig, Stadt";"krsfr. Stadt";"53,6";"54,0";"3.580,9";"3.621,3";"11,1";"11,4";"57,6";"58,3";"58,1";"58,0";"303,1";"297,0";"33,9";"33,5";"5,6";"5,6";"29,3";"28,8";"7,4";"7,4";"38,4";"38,0";"3,9";"3,9";"20,3";"20,1"
"14729";"Leipzig";"Landkreis";"13,4";"13,4";"1.168,0";"1.165,1";"2,1";"2,1";"133,4";"133,6";"88,8";"88,7";"5.674,0";"5.680,1";"62,6";"62,3";"7,1";"7,4";"456,1";"471,8";"14,5";"14,6";"924,5";"933,7";"4,1";"4,5";"264,2";"285,1"
"14730";"Nordsachsen";"Landkreis";"10,1";"10,4";"962,4";"937,6";"0,7";"0,8";"76,2";"83,4";"90,7";"90,5";"9.285,2";"9.279,0";"64,6";"64,3";"4,5";"4,5";"462,0";"465,9";"20,6";"20,6";"2.106,0";"2.112,2";"2,6";"2,6";"264,6";"264,8"
"15001";"Dessau-Roßlau, Stadt";"krsfr. Stadt";"20,6";"20,6";"1.634,4";"1.625,0";"6,7";"6,7";"199,0";"199,1";"86,4";"86,3";"2.562,6";"2.573,5";"35,6";"35,6";"9,7";"9,7";"289,1";"290,3";"40,2";"40,2";"1.191,6";"1.196,8";"3,2";"3,2";"95,8";"96,3"
"15002";"Halle (Saale), Stadt";"krsfr. Stadt";"53,0";"52,8";"3.326,0";"3.352,1";"13,9";"13,4";"79,1";"75,5";"61,7";"61,3";"350,2";"346,2";"25,5";"24,8";"12,4";"13,3";"70,4";"75,2";"17,2";"18,2";"97,8";"102,5";"3,6";"3,6";"20,5";"20,5"
"15003";"Magdeburg, Stadt";"krsfr. Stadt";"45,8";"45,9";"2.585,3";"2.586,2";"11,8";"11,8";"99,7";"99,5";"66,7";"66,6";"562,7";"561,4";"37,4";"37,4";"11,7";"11,7";"98,6";"98,3";"9,1";"9,0";"76,5";"76,1";"7,0";"7,0";"58,8";"58,7"
"15081";"Altmarkkreis Salzwedel";"Landkreis";"7,1";"7,1";"523,2";"517,4";"1,4";"1,4";"384,0";"384,6";"94,4";"94,4";"25.389,5";"25.619,8";"59,5";"59,5";"4,6";"4,6";"1.233,0";"1.247,7";"29,8";"29,8";"8.011,3";"8.085,5";"1,3";"1,3";"354,5";"357,6"
"15082";"Anhalt-Bitterfeld";"Landkreis";"12,3";"12,3";"914,9";"902,7";"3,4";"3,4";"300,4";"305,6";"91,2";"91,2";"8.127,9";"8.224,5";"61,6";"61,5";"7,1";"7,1";"628,9";"643,1";"22,1";"22,1";"1.969,8";"1.994,2";"3,5";"3,5";"312,6";"319,2"
"15083";"Börde";"Landkreis";"9,8";"9,8";"744,9";"742,2";"1,9";"1,9";"253,5";"254,0";"92,1";"92,1";"12.597,8";"12.622,0";"65,7";"65,7";"5,5";"5,6";"757,8";"761,6";"20,0";"20,1";"2.743,4";"2.750,7";"1,5";"1,5";"209,8";"210,7"
"15084";"Burgenlandkreis";"Landkreis";"13,3";"13,3";"974,6";"969,5";"3,3";"3,2";"252,7";"252,1";"90,1";"90,1";"6.951,3";"6.996,6";"69,3";"69,3";"4,1";"4,1";"313,0";"318,0";"13,7";"13,7";"1.057,1";"1.066,1";"1,2";"1,2";"91,8";"92,9"
"15085";"Harz";"Landkreis";"9,9";"9,9";"1.052,0";"1.035,3";"2,1";"2,1";"198,0";"201,5";"92,2";"92,2";"8.837,2";"8.973,9";"51,5";"51,5";"3,1";"3,2";"298,7";"306,6";"36,9";"36,9";"3.532,9";"3.588,3";"1,1";"1,1";"106,3";"109,9"
"15086";"Jerichower Land";"Landkreis";"8,6";"8,7";"670,6";"662,5";"1,8";"1,8";"319,3";"316,6";"93,3";"93,2";"16.100,0";"16.247,5";"55,1";"55,1";"5,9";"5,8";"1.011,4";"1.016,1";"33,3";"33,3";"5.741,9";"5.796,8";"2,1";"2,1";"367,8";"371,3"
"15087";"Mansfeld-Südharz";"Landkreis";"11,6";"11,5";"835,3";"825,1";"2,8";"2,8";"289,8";"293,3";"91,3";"91,3";"9.466,6";"9.588,2";"57,9";"57,8";"4,4";"4,6";"454,2";"481,2";"28,5";"28,7";"2.953,5";"3.017,3";"1,4";"1,4";"147,7";"148,8"
"15088";"Saalekreis";"Landkreis";"15,3";"15,3";"850,1";"848,2";"3,1";"3,1";"242,5";"240,1";"88,0";"87,9";"6.783,1";"6.797,1";"70,5";"70,5";"7,6";"7,6";"588,6";"589,2";"9,8";"9,9";"758,8";"767,4";"3,3";"3,3";"256,0";"258,7"
"15089";"Salzlandkreis";"Landkreis";"13,7";"13,7";"994,2";"985,7";"3,1";"3,1";"226,2";"227,1";"89,5";"89,5";"6.563,2";"6.626,9";"75,2";"75,2";"6,2";"6,2";"451,5";"460,3";"7,1";"7,1";"518,8";"529,3";"2,8";"2,8";"204,7";"206,4"
"15090";"Stendal";"Landkreis";"7,6";"7,6";"620,0";"612,7";"1,7";"1,7";"353,3";"356,8";"94,1";"94,1";"19.933,5";"20.143,7";"65,0";"65,0";"6,6";"6,7";"1.405,4";"1.423,9";"22,7";"22,7";"4.802,4";"4.851,2";"2,9";"2,9";"624,2";"631,5"
"15091";"Wittenberg";"Landkreis";"8,7";"8,7";"761,0";"752,5";"2,3";"2,3";"343,1";"352,9";"93,6";"93,6";"14.184,1";"14.254,9";"48,3";"48,2";"5,5";"5,6";"833,3";"845,5";"40,0";"40,0";"6.053,5";"6.085,9";"2,5";"2,5";"374,3";"373,5"
"16051";"Erfurt, Stadt";"krsfr. Stadt";"28,4";"30,9";"2.752,8";"2.549,8";"3,0";"4,7";"38,1";"59,6";"74,8";"74,0";"956,8";"937,8";"60,6";"57,8";"2,4";"2,7";"31,2";"33,8";"7,6";"8,4";"97,6";"106,4";"1,5";"1,4";"19,0";"17,7"
"16052";"Gera, Stadt";"krsfr. Stadt";"23,9";"25,3";"2.603,7";"2.458,8";"3,6";"5,3";"57,6";"85,5";"79,8";"80,1";"1.282,3";"1.285,9";"56,8";"55,1";"1,8";"1,8";"28,3";"29,3";"17,7";"18,0";"283,6";"288,7";"0,9";"0,9";"13,8";"13,7"
"16053";"Jena, Stadt";"krsfr. Stadt";"24,5";"29,0";"3.920,4";"3.338,3";"2,7";"6,9";"27,6";"71,1";"78,4";"78,2";"815,8";"807,3";"39,4";"34,0";"4,0";"2,2";"41,6";"23,2";"32,3";"35,3";"336,5";"364,5";"1,0";"0,9";"10,4";"9,2"
"16054";"Suhl, Stadt";"krsfr. Stadt";"19,2";"19,2";"1.798,4";"1.773,4";"1,5";"1,5";"42,4";"44,1";"82,4";"82,4";"2.383,7";"2.414,0";"16,8";"16,7";"1,0";"1,0";"27,8";"28,2";"63,2";"63,2";"1.829,1";"1.852,1";"0,4";"0,4";"12,9";"13,1"
"16055";"Weimar, Stadt";"krsfr. Stadt";"26,8";"34,8";"2.837,5";"2.192,1";"2,9";"8,2";"37,8";"107,9";"76,3";"73,9";"1.002,1";"968,4";"48,4";"40,5";"4,9";"5,0";"63,7";"66,0";"19,9";"20,7";"261,5";"271,2";"0,9";"0,9";"11,3";"11,2"
"16056";"Eisenach, Stadt";"krsfr. Stadt";"18,4";"20,7";"2.221,6";"1.979,1";"1,5";"3,4";"37,1";"81,7";"83,3";"82,8";"2.037,0";"2.019,2";"43,1";"40,2";"2,7";"2,3";"66,2";"56,9";"35,8";"37,2";"874,7";"907,0";"1,2";"1,3";"30,5";"31,4"
"16061";"Eichsfeld";"Landkreis";"9,4";"9,8";"1.135,6";"1.088,3";"0,6";"1,0";"55,0";"92,1";"91,2";"91,3";"8.515,8";"8.550,5";"59,4";"58,6";"1,8";"2,0";"168,6";"182,7";"29,6";"30,1";"2.759,8";"2.816,2";"0,8";"0,7";"71,2";"69,7"
"16062";"Nordhausen";"Landkreis";"10,4";"11,0";"1.143,3";"1.074,4";"0,8";"1,4";"67,7";"114,8";"90,5";"90,4";"7.591,4";"7.619,8";"56,1";"55,4";"3,4";"3,5";"283,3";"293,9";"29,8";"30,2";"2.499,7";"2.543,3";"1,6";"1,6";"132,1";"136,8"
"16063";"Wartburgkreis";"Landkreis";"8,8";"9,3";"1.087,3";"1.023,3";"0,6";"1,1";"61,6";"111,4";"91,9";"91,8";"9.629,8";"9.701,3";"50,7";"49,4";"3,3";"3,2";"350,4";"336,9";"37,2";"38,4";"3.900,0";"4.053,8";"1,0";"1,0";"106,7";"105,8"
"16064";"Unstrut-Hainich-Kreis";"Landkreis";"8,7";"9,1";"1.220,3";"1.165,1";"0,5";"1,0";"51,3";"94,5";"91,9";"92,0";"8.662,5";"8.707,3";"69,2";"68,3";"3,3";"3,5";"306,5";"329,4";"18,8";"19,5";"1.775,9";"1.841,5";"1,5";"1,4";"141,0";"133,2"
"16065";"Kyffhäuserkreis";"Landkreis";"8,6";"9,1";"861,0";"803,7";"0,7";"1,3";"91,8";"183,1";"92,2";"92,3";"12.473,0";"12.635,8";"65,3";"64,6";"2,8";"2,7";"383,4";"365,2";"23,5";"24,0";"3.181,5";"3.289,3";"1,2";"1,1";"162,5";"152,2"
"16066";"Schmalkalden-Meiningen";"Landkreis";"9,3";"9,5";"1.093,0";"1.073,0";"0,6";"0,7";"54,6";"68,2";"91,3";"91,3";"8.948,0";"8.988,1";"39,3";"39,5";"3,2";"2,7";"311,2";"265,4";"48,0";"48,3";"4.709,4";"4.759,5";"0,6";"0,6";"61,1";"60,8"
"16067";"Gotha";"Landkreis";"10,5";"10,9";"1.377,4";"1.324,2";"0,9";"1,3";"62,5";"86,9";"90,5";"90,4";"6.253,6";"6.244,0";"57,9";"57,4";"2,4";"2,3";"163,1";"162,1";"29,3";"29,4";"2.028,5";"2.034,1";"1,4";"1,4";"98,4";"96,2"
"16068";"Sömmerda";"Landkreis";"8,3";"8,9";"1.048,7";"970,8";"0,7";"1,1";"78,0";"128,8";"92,4";"92,2";"10.637,9";"10.627,5";"81,5";"80,3";"2,1";"2,5";"240,9";"285,2";"8,0";"8,4";"923,6";"967,2";"1,6";"1,7";"178,6";"196,8"
"16069";"Hildburghausen";"Landkreis";"8,5";"8,6";"803,0";"795,3";"0,5";"0,7";"73,8";"105,1";"92,0";"92,2";"13.423,3";"13.535,0";"43,9";"43,7";"1,9";"1,7";"281,7";"252,3";"45,6";"46,2";"6.656,0";"6.782,4";"0,9";"0,9";"125,3";"125,9"
"16070";"Ilm-Kreis";"Landkreis";"10,3";"10,8";"1.259,9";"1.193,7";"0,8";"1,3";"64,6";"97,7";"90,6";"90,5";"7.004,8";"7.017,0";"44,3";"43,3";"2,4";"2,3";"186,0";"176,5";"43,2";"44,0";"3.336,5";"3.411,2";"1,0";"0,9";"73,6";"70,2"
"16071";"Weimarer Land";"Landkreis";"9,5";"10,5";"1.074,6";"969,1";"0,6";"1,1";"60,0";"108,0";"91,2";"90,6";"8.909,4";"8.877,9";"72,5";"71,1";"1,7";"1,8";"169,8";"176,1";"16,2";"16,7";"1.580,6";"1.635,1";"1,0";"0,9";"96,3";"91,2"
"16072";"Sonneberg";"Landkreis";"8,4";"9,5";"1.558,4";"1.367,0";"0,7";"1,2";"52,6";"88,7";"92,4";"91,7";"7.090,8";"7.057,0";"28,3";"27,2";"1,7";"1,7";"132,9";"134,1";"61,7";"61,8";"4.737,5";"4.757,2";"0,8";"0,8";"61,8";"64,4"
"16073";"Saalfeld-Rudolstadt";"Landkreis";"8,3";"8,9";"1.260,8";"1.162,9";"0,6";"1,1";"56,2";"102,9";"92,4";"92,2";"8.833,8";"8.897,6";"35,6";"34,7";"2,7";"2,5";"262,6";"244,8";"53,4";"54,2";"5.109,6";"5.226,1";"1,3";"1,3";"120,1";"121,8"
"16074";"Saale-Holzland-Kreis";"Landkreis";"8,7";"9,6";"1.188,3";"1.060,6";"0,6";"1,4";"56,4";"135,4";"91,9";"91,8";"8.865,7";"9.021,7";"53,0";"51,9";"2,1";"1,7";"199,3";"163,5";"36,2";"37,0";"3.492,5";"3.630,0";"0,7";"0,7";"70,7";"70,6"
"16075";"Saale-Orla-Kreis";"Landkreis";"7,5";"8,0";"959,8";"884,9";"0,5";"0,9";"68,1";"121,8";"93,1";"92,9";"13.010,4";"13.123,8";"48,8";"48,1";"3,2";"3,2";"449,8";"451,3";"40,5";"40,7";"5.661,5";"5.748,3";"2,7";"2,7";"377,5";"380,1"
"16076";"Greiz";"Landkreis";"10,9";"12,5";"1.082,0";"939,5";"1,2";"2,9";"101,2";"250,6";"90,4";"90,5";"7.666,0";"7.713,0";"61,0";"59,3";"2,3";"2,2";"191,2";"189,1";"25,7";"26,0";"2.176,7";"2.213,9";"1,5";"1,5";"131,3";"130,0"
"16077";"Altenburger Land";"Landkreis";"12,6";"13,3";"1.274,8";"1.198,4";"1,8";"2,8";"111,1";"174,3";"89,3";"89,6";"5.548,5";"5.627,4";"72,6";"71,8";"2,9";"3,1";"181,9";"195,8";"11,1";"11,5";"687,2";"723,4";"1,7";"1,7";"105,2";"106,5"
