Kennziffer;Raumeinheit;Aggregat;Hochschulen;Studierende Hochschulen;Studierende an Hochschulen je 1000 Einwohner;Studierende an Fachhoschulen je 1000 Einwohner;Allgemeinbildende Schulen;Schüler an allgemeinbildenden Schulen;Schüler an allgemeinbildenden Schulen je 1000 Einwohner;Grundschulen;Schüler an Grundschulen;Schüler an Grundschulen je 1000 Einwohner;Weiterführende Schulen;Schüler an weiterführenden Schulen;Schüler in weiterführenden Schulen je 1000 Einwohner;Berufsbildende Schulen;Schüler an berufsbildenden Schulen;Schüler an berufsbildenden Schulen je 1000 Einwohner;Bibliotheken;Öffentliche Bibliotheken;Wissenschaftliche Bibliotheken;Spezialbibliotheken;Bibliotheksentleihungen;Kinos;Kinosäle;Kinositzplätze
;;;2017;2017;2017;2017;2017;2017;2017;2017;2017;2017;2017;2017;2017;2017;2017;2017;2017;2017;2017;2017;2017;2017;2017;2017
"01001000";"Flensburg, Stadt";"Oberzentrum";"2";"9.651";"109,03";"44,00";"30";"11.464";"129";"10,0";"2.438";"27,0";"10";"6.729";"76,0";"8,0";"7.122";"80";"5,0";"4";"1";"0";"995.327";"2";"9";"2.101"
"01002000";"Kiel, Landeshauptstadt";"Oberzentrum";"3";"34.869";"140,63";"31,00";"60";"23.718";"95";"27,0";"6.763";"27,0";"19";"11.528";"46,0";"24,0";"13.659";"55";"11,0";"1";"4";"6";"2.374.849";"6";"19";"4.309"
"01003000";"Lübeck, Hansestadt";"Oberzentrum";"4";"10.651";"49,24";"22,00";"54";"20.873";"96";"25,0";"5.250";"24,0";"10";"7.289";"33,0";"24,0";"16.083";"74";"4,0";"2";"2";"0";"1.094.379";"3";"11";"1.884"
"01004000";"Neumünster, Stadt";"Oberzentrum";"0";"0";"0,00";"0,00";"25";"10.817";"136";"9,0";"2.390";"30,0";"9";"6.475";"81,0";"9,0";"7.939";"100";"2,0";"2";"0";"0";"422.763";"3";"15";"2.548"
"02000000";"Hamburg, Freie und Hansestadt";"Oberzentrum";"26";"107.912";"58,95";"26,00";"397";"183.253";"100";"211,0";"57.143";"31,0";"150";"116.553";"63,0";"57,0";"53.372";"29";"47,0";"5";"7";"35";"14.207.379";"27";"79";"17.550"
"03101000";"Braunschweig, Stadt";"Oberzentrum";"2";"21.116";"85,14";"0,00";"77";"25.985";"104";"40,0";"7.744";"31,0";"26";"16.405";"66,0";"14,0";"13.168";"53";"31,0";"26";"2";"3";"2.491.304";"3";"11";"2.860"
"03102000";"Salzgitter, Stadt";"Oberzentrum";"1";"2.422";"23,17";"23,00";"32";"10.649";"101";"16,0";"3.922";"37,0";"13";"6.338";"60,0";"2,0";"3.315";"32";"3,0";"3";"0";"0";"445.670";"3";"11";"2.406"
"03103000";"Wolfsburg, Stadt";"Oberzentrum";"1";"3.092";"24,95";"24,00";"37";"15.112";"121";"18,0";"4.230";"34,0";"15";"9.697";"78,0";"8,0";"5.950";"48";"3,0";"2";"0";"1";"605.797";"3";"11";"2.367"
"03159016";"Göttingen, Stadt";"Oberzentrum";"3";"35.670";"298,42";"40,00";"40";"13.943";"116";"20,0";"3.590";"30,0";"14";"9.685";"81,0";"7,0";"6.070";"51";"7,0";"3";"1";"3";"1.759.294";"2";"10";"1.802"
"03241001";"Hannover, Landeshauptstadt";"Oberzentrum";"10";"49.380";"92,29";"23,00";"131";"54.380";"101";"61,0";"17.192";"32,0";"50";"33.272";"62,0";"31,0";"31.544";"59";"27,0";"13";"5";"9";"5.698.613";"7";"28";"5.182"
"03254021";"Hildesheim, Stadt";"Oberzentrum";"3";"11.454";"112,58";"29,00";"38";"14.953";"146";"18,0";"3.405";"33,0";"15";"10.861";"106,0";"12,0";"7.687";"76";"14,0";"7";"3";"4";"1.147.524";"1";"7";"1.326"
"03351006";"Celle, Stadt";"Oberzentrum";"0";"0";"0,00";"0,00";"29";"9.115";"130";"15,0";"2.600";"37,0";"8";"5.867";"84,0";"7,0";"5.975";"86";"5,0";"1";"0";"4";"401.455";"1";"1";"34"
"03355022";"Lüneburg, Hansestadt";"Oberzentrum";"1";"9.736";"129,48";"0,00";"24";"10.944";"145";"12,0";"2.828";"37,0";"9";"7.806";"103,0";"6,0";"6.781";"90";"9,0";"5";"1";"3";"854.570";"2";"12";"1.895"
"03403000";"Oldenburg (Oldenburg), Stadt";"Oberzentrum";"3";"17.451";"104,45";"13,00";"52";"19.348";"115";"28,0";"5.538";"33,0";"16";"12.651";"75,0";"10,0";"13.035";"78";"18,0";"15";"2";"1";"1.192.029";"5";"15";"2.731"
"03404000";"Osnabrück, Stadt";"Oberzentrum";"2";"25.605";"155,77";"70,00";"50";"20.049";"121";"26,0";"5.433";"33,0";"17";"13.329";"81,0";"17,0";"16.842";"102";"11,0";"9";"1";"1";"1.456.377";"5";"23";"4.579"
"03405000";"Wilhelmshaven, Stadt";"Oberzentrum";"1";"4.592";"60,17";"60,00";"18";"7.116";"93";"11,0";"2.310";"30,0";"6";"4.629";"60,0";"3,0";"2.988";"39";"4,0";"2";"1";"1";"340.189";"1";"9";"1.684"
"04011000";"Bremen, Stadt";"Oberzentrum";"8";"34.813";"61,29";"22,00";"140";"52.973";"93";"79,0";"18.470";"32,0";"48";"34.018";"59,0";"33,0";"20.545";"36";"9,0";"2";"1";"6";"4.824.696";"8";"39";"10.295"
"04012000";"Bremerhaven, Stadt";"Oberzentrum";"1";"2.986";"26,42";"26,00";"36";"12.291";"108";"18,0";"4.363";"38,0";"16";"7.871";"69,0";"10,0";"5.202";"46";"3,0";"1";"0";"2";"517.960";"2";"8";"1.344"
"05111000";"Düsseldorf, Stadt";"Oberzentrum";"11";"56.887";"92,16";"32,00";"166";"60.357";"97";"88,0";"21.225";"34,0";"60";"34.918";"56,0";"79,0";"29.636";"48";"52,0";"31";"3";"18";"5.769.741";"9";"39";"9.063"
"05112000";"Duisburg, Stadt";"Oberzentrum";"3";"23.872";"47,93";"2,00";"133";"51.676";"103";"76,0";"17.540";"35,0";"42";"31.539";"63,0";"29,0";"17.150";"34";"21,0";"19";"0";"2";"2.636.613";"2";"10";"2.262"
"05113000";"Essen, Stadt";"Oberzentrum";"4";"27.552";"47,23";"7,00";"152";"59.423";"101";"84,0";"19.493";"33,0";"48";"35.205";"60,0";"60,0";"23.174";"40";"57,0";"52";"2";"3";"5.085.408";"6";"23";"7.672"
"05114000";"Krefeld, Stadt";"Oberzentrum";"1";"6.059";"26,73";"26,00";"63";"25.917";"114";"29,0";"8.053";"35,0";"25";"15.621";"68,0";"13,0";"10.560";"47";"20,0";"19";"0";"1";"889.358";"2";"12";"2.930"
"05116000";"Mönchengladbach, Stadt";"Oberzentrum";"1";"8.440";"32,19";"32,00";"71";"28.712";"109";"35,0";"9.156";"34,0";"28";"17.841";"68,0";"18,0";"10.421";"40";"11,0";"10";"1";"0";"1.081.874";"2";"9";"1.998"
"05124000";"Wuppertal, Stadt";"Oberzentrum";"4";"22.776";"64,41";"1,00";"105";"38.028";"107";"56,0";"12.343";"34,0";"36";"22.653";"64,0";"21,0";"11.705";"33";"22,0";"19";"2";"1";"1.544.087";"5";"16";"3.258"
"05314000";"Bonn, Stadt";"Oberzentrum";"3";"39.836";"122,39";"7,00";"104";"41.037";"126";"51,0";"12.071";"37,0";"42";"25.806";"79,0";"24,0";"15.474";"48";"67,0";"45";"1";"21";"2.303.657";"7";"19";"4.014"
"05315000";"Köln, Stadt";"Oberzentrum";"17";"102.020";"94,43";"35,00";"271";"107.002";"99";"146,0";"37.465";"34,0";"95";"61.655";"57,0";"96,0";"45.963";"43";"86,0";"63";"9";"14";"2.151.236";"21";"44";"7.342"
"05334002";"Aachen, Stadt";"Oberzentrum";"5";"57.573";"233,78";"48,00";"74";"25.976";"105";"37,0";"7.400";"30,0";"23";"16.168";"65,0";"27,0";"12.246";"50";"20,0";"13";"2";"5";"1.418.114";"5";"20";"4.356"
"05515000";"Münster, Stadt";"Oberzentrum";"9";"60.089";"191,64";"38,00";"93";"32.988";"105";"45,0";"9.889";"31,0";"33";"19.706";"62,0";"30,0";"21.470";"68";"45,0";"36";"3";"6";"3.683.837";"3";"15";"3.344"
"05711000";"Bielefeld, Stadt";"Oberzentrum";"6";"38.175";"114,79";"36,00";"103";"39.404";"118";"48,0";"12.241";"36,0";"36";"22.778";"68,0";"41,0";"18.224";"55";"28,0";"20";"3";"5";"2.554.097";"6";"26";"6.067"
"05774032";"Paderborn, Stadt";"Oberzentrum";"4";"21.990";"147,51";"10,00";"44";"19.557";"131";"21,0";"5.398";"36,0";"16";"12.504";"83,0";"20,0";"11.971";"80";"16,0";"15";"1";"0";"2.707.465";"3";"17";"2.734"
"05911000";"Bochum, Stadt";"Oberzentrum";"7";"58.137";"159,05";"41,00";"88";"36.862";"100";"45,0";"11.262";"30,0";"28";"21.413";"58,0";"28,0";"13.355";"37";"23,0";"15";"4";"4";"2.725.344";"6";"32";"5.846"
"05913000";"Dortmund, Stadt";"Oberzentrum";"5";"54.221";"92,43";"33,00";"160";"60.619";"103";"89,0";"20.757";"35,0";"50";"34.821";"59,0";"39,0";"25.390";"43";"24,0";"18";"2";"4";"2.375.388";"7";"21";"5.175"
"05914000";"Hagen, Stadt der FernUniversität";"Oberzentrum";"4";"71.823";"382,59";"15,00";"62";"21.991";"117";"30,0";"6.788";"36,0";"25";"13.263";"70,0";"12,0";"10.034";"53";"9,0";"7";"2";"0";"1.719.557";"2";"9";"2.161"
"05970040";"Siegen, Universitätsstadt";"Oberzentrum";"2";"20.119";"196,60";"6,00";"43";"12.496";"122";"19,0";"3.251";"31,0";"16";"7.893";"77,0";"13,0";"10.177";"99";"3,0";"3";"0";"0";"273.091";"3";"11";"2.086"
"06411000";"Darmstadt, Wissenschaftsstadt";"Oberzentrum";"4";"46.147";"291,60";"128,00";"44";"18.600";"117";"18,0";"4.859";"30,0";"13";"9.776";"61,0";"12,0";"11.357";"72";"14,0";"7";"3";"4";"1.188.982";"5";"20";"3.447"
"06412000";"Frankfurt am Main, Stadt";"Oberzentrum";"10";"72.124";"96,57";"28,00";"169";"68.646";"91";"79,0";"22.159";"29,0";"47";"32.656";"43,0";"38,0";"29.698";"40";"25,0";"14";"6";"5";"4.680.376";"14";"43";"9.092"
"06413000";"Offenbach am Main, Stadt";"Oberzentrum";"1";"754";"5,95";"0,00";"29";"13.722";"108";"13,0";"4.413";"34,0";"8";"6.944";"54,0";"8,0";"6.864";"54";"6,0";"3";"1";"2";"427.056";"2";"8";"1.639"
"06414000";"Wiesbaden, Landeshauptstadt";"Oberzentrum";"4";"11.902";"42,71";"34,00";"77";"30.389";"109";"38,0";"10.156";"36,0";"24";"16.838";"60,0";"15,0";"11.584";"42";"12,0";"6";"1";"5";"1.180.914";"7";"12";"2.734"
"06435014";"Hanau, Brüder-Grimm-Stadt";"Oberzentrum";"0";"0";"0,00";"0,00";"28";"12.161";"126";"16,0";"3.407";"35,0";"9";"7.930";"82,0";"7,0";"7.529";"78";"5,0";"4";"0";"1";"342.902";"1";"8";"1.131"
"06531005";"Gießen, Universitätsstadt";"Oberzentrum";"4";"40.082";"458,90";"124,00";"28";"12.168";"139";"12,0";"2.110";"24,0";"7";"7.200";"82,0";"14,0";"9.120";"104";"8,0";"6";"2";"0";"1.290.953";"3";"14";"2.051"
"06532023";"Wetzlar, Stadt";"Oberzentrum";"1";"1.355";"25,65";"25,00";"21";"5.745";"108";"13,0";"2.317";"43,0";"4";"2.876";"54,0";"6,0";"5.788";"110";"2,0";"2";"0";"0";"143.475";"1";"3";"394"
"06534014";"Marburg, Universitätsstadt";"Oberzentrum";"3";"25.762";"337,97";"0,00";"30";"8.535";"111";"13,0";"1.822";"23,0";"6";"4.202";"55,0";"16,0";"5.971";"78";"10,0";"5";"1";"4";"824.893";"4";"15";"2.626"
"06611000";"Kassel, documenta-Stadt";"Oberzentrum";"6";"30.496";"151,92";"27,00";"61";"22.036";"109";"26,0";"5.689";"28,0";"16";"12.303";"61,0";"19,0";"15.887";"79";"16,0";"11";"1";"4";"1.808.315";"3";"22";"5.290"
"06631009";"Fulda, Stadt";"Oberzentrum";"2";"8.861";"130,36";"129,00";"28";"10.010";"147";"15,0";"2.142";"31,0";"7";"5.951";"87,0";"10,0";"8.032";"118";"16,0";"13";"2";"1";"507.884";"2";"9";"1.743"
"07111000";"Koblenz, Stadt";"Oberzentrum";"2";"15.228";"133,76";"58,00";"42";"12.761";"112";"25,0";"3.496";"30,0";"13";"8.729";"76,0";"21,0";"10.463";"92";"11,0";"5";"2";"4";"1.263.005";"3";"15";"2.596"
"07211000";"Trier, Stadt";"Oberzentrum";"3";"18.136";"164,85";"47,00";"42";"11.881";"107";"24,0";"3.151";"28,0";"12";"7.850";"71,0";"18,0";"9.089";"83";"12,0";"5";"3";"4";"950.051";"3";"13";"2.261"
"07312000";"Kaiserslautern, Stadt";"Oberzentrum";"2";"17.365";"174,20";"27,00";"33";"11.962";"120";"19,0";"2.988";"29,0";"11";"8.551";"85,0";"10,0";"6.913";"69";"4,0";"1";"2";"1";"546.224";"3";"14";"2.675"
"07314000";"Ludwigshafen am Rhein, Stadt";"Oberzentrum";"1";"4.478";"26,58";"26,00";"43";"18.311";"108";"23,0";"6.207";"36,0";"14";"10.420";"61,0";"18,0";"12.737";"76";"7,0";"5";"1";"1";"524.889";"1";"11";"2.039"
"07315000";"Mainz, Stadt";"Oberzentrum";"4";"37.449";"174,09";"33,00";"47";"22.328";"103";"25,0";"6.679";"31,0";"16";"14.292";"66,0";"25,0";"10.142";"47";"29,0";"20";"4";"5";"1.292.664";"5";"17";"3.426"
"08111000";"Stuttgart, Landeshauptstadt";"Oberzentrum";"17";"62.728";"99,14";"40,00";"181";"57.928";"91";"60,0";"12.969";"20,0";"52";"28.054";"44,0";"83,0";"39.486";"62";"31,0";"9";"7";"15";"7.630.922";"13";"46";"10.894"
"08121000";"Heilbronn, Stadt";"Oberzentrum";"4";"8.268";"66,08";"66,00";"43";"15.207";"121";"12,0";"2.140";"17,0";"10";"6.511";"52,0";"22,0";"14.644";"117";"3,0";"1";"2";"0";"1.177.716";"2";"10";"1.896"
"08212000";"Karlsruhe, Stadt";"Oberzentrum";"8";"41.668";"133,59";"38,00";"93";"27.478";"88";"32,0";"5.515";"17,0";"26";"14.262";"45,0";"39,0";"19.396";"62";"37,0";"22";"6";"9";"3.108.650";"4";"21";"4.698"
"08221000";"Heidelberg, Stadt";"Oberzentrum";"5";"35.126";"218,72";"22,00";"48";"15.318";"95";"20,0";"3.613";"22,0";"12";"7.631";"47,0";"33,0";"9.703";"60";"9,0";"3";"5";"1";"2.558.231";"4";"5";"803"
"08222000";"Mannheim, Universitätsstadt";"Oberzentrum";"10";"28.373";"92,12";"44,00";"88";"30.321";"98";"34,0";"8.426";"27,0";"30";"17.420";"56,0";"40,0";"16.212";"53";"16,0";"5";"6";"5";"1.656.619";"5";"22";"4.300"
"08231000";"Pforzheim, Stadt";"Oberzentrum";"1";"6.093";"49,02";"49,00";"41";"14.709";"118";"10,0";"1.900";"15,0";"12";"7.548";"60,0";"14,0";"9.290";"75";"4,0";"3";"1";"0";"660.881";"3";"12";"2.196"
"08311000";"Freiburg im Breisgau, Stadt";"Oberzentrum";"7";"32.752";"142,63";"12,00";"86";"25.064";"109";"31,0";"5.872";"25,0";"23";"12.752";"55,0";"37,0";"17.425";"76";"15,0";"5";"4";"6";"2.910.038";"5";"18";"3.849"
"08317096";"Offenburg, Stadt";"Oberzentrum";"1";"4.390";"74,33";"74,00";"33";"8.322";"140";"10,0";"1.004";"16,0";"8";"4.533";"76,0";"8,0";"6.194";"105";"4,0";"3";"1";"0";"693.495";"2";"9";"1.435"
"08326074";"Villingen-Schwenningen, Stadt";"Oberzentrum";"3";"6.314";"74,67";"57,00";"36";"9.478";"112";"15,0";"2.192";"25,0";"6";"4.478";"52,0";"11,0";"7.848";"93";"5,0";"3";"2";"0";"418.793";"4";"14";"2.515"
"08335043";"Konstanz, Universitätsstadt";"Oberzentrum";"3";"16.211";"191,98";"60,00";"24";"8.168";"96";"9,0";"1.994";"23,0";"6";"4.601";"54,0";"5,0";"2.595";"31";"7,0";"5";"2";"0";"1.237.957";"2";"10";"1.537"
"08336050";"Lörrach, Stadt";"Oberzentrum";"1";"2.079";"42,24";"42,00";"19";"7.029";"142";"7,0";"1.214";"24,0";"3";"2.664";"54,0";"6,0";"4.274";"87";"7,0";"5";"2";"0";"394.051";"3";"8";"1.153"
"08336091";"Weil am Rhein, Stadt";"Oberzentrum";"0";"0";"0,00";"0,00";"14";"3.599";"119";"6,0";"1.184";"39,0";"4";"2.299";"76,0";"1,0";"45";"1";"1,0";"1";"0";"0";"164.807";"1";"5";"690"
"08415061";"Reutlingen, Stadt";"Oberzentrum";"2";"5.761";"49,77";"49,00";"41";"13.131";"113";"14,0";"2.159";"18,0";"9";"6.398";"55,0";"15,0";"9.079";"78";"6,0";"4";"2";"0";"1.476.605";"2";"9";"1.322"
"08416041";"Tübingen, Universitätsstadt";"Oberzentrum";"1";"27.318";"305,41";"0,00";"35";"9.737";"108";"19,0";"2.306";"25,0";"8";"5.746";"64,0";"15,0";"6.214";"69";"6,0";"3";"2";"1";"2.442.195";"3";"5";"827"
"08421000";"Ulm, Universitätsstadt";"Oberzentrum";"3";"14.600";"116,25";"32,00";"57";"15.429";"122";"25,0";"3.486";"27,0";"15";"8.671";"69,0";"20,0";"13.049";"104";"9,0";"7";"2";"0";"1.164.503";"4";"13";"2.639"
"08435016";"Friedrichshafen, Stadt";"Oberzentrum";"2";"2.265";"37,69";"20,00";"23";"7.000";"116";"7,0";"837";"13,0";"5";"3.231";"53,0";"7,0";"4.353";"72";"6,0";"4";"1";"1";"606.902";"2";"9";"1.431"
"08436064";"Ravensburg, Stadt";"Oberzentrum";"2";"4.227";"83,88";"83,00";"29";"7.503";"148";"10,0";"1.377";"27,0";"11";"4.265";"84,0";"7,0";"5.908";"117";"8,0";"7";"1";"0";"704.965";"2";"12";"2.301"
"08436082";"Weingarten, Stadt";"Oberzentrum";"2";"5.284";"211,27";"71,00";"6";"2.312";"92";"2,0";"314";"12,0";"2";"1.466";"58,0";"4,0";"3.506";"140";"3,0";"1";"2";"0";"276.389";"1";"2";"245"
"09161000";"Ingolstadt";"Oberzentrum";"2";"6.396";"47,29";"40,00";"39";"14.542";"107";"17,0";"4.227";"31,0";"17";"9.249";"68,0";"26,0";"9.019";"67";"15,0";"11";"2";"2";"869.101";"4";"15";"2.084"
"09162000";"München, Landeshauptstadt";"Oberzentrum";"21";"106.383";"73,06";"20,00";"336";"125.621";"86";"148,0";"43.009";"29,0";"150";"72.565";"49,0";"206,0";"62.692";"43";"73,0";"37";"8";"28";"15.740.484";"16";"35";"7.255"
"09163000";"Rosenheim";"Oberzentrum";"1";"5.437";"86,19";"86,00";"20";"8.362";"132";"8,0";"2.047";"32,0";"9";"5.653";"89,0";"17,0";"6.135";"97";"7,0";"6";"1";"0";"509.792";"1";"8";"1.426"
"09171111";"Altötting, Stadt";"Oberzentrum";"0";"0";"0,00";"0,00";"8";"4.301";"333";"1,0";"375";"29,0";"5";"3.692";"286,0";"8,0";"3.766";"292";"2,0";"2";"0";"0";"68.478";"0";"0";"0"
"09171112";"Burghausen, Stadt";"Oberzentrum";"1";"178";"9,56";"9,00";"7";"2.667";"143";"3,0";"584";"31,0";"4";"2.083";"111,0";"1,0";"48";"3";"1,0";"1";"0";"0";"173.711";"2";"5";"783"
"09171125";"Neuötting, Stadt";"Oberzentrum";"0";"0";"0,00";"0,00";"3";"695";"78";"1,0";"261";"29,0";"1";"179";"20,0";"1,0";"53";"6";"1,0";"1";"0";"0";"27.638";"0";"0";"0"
"09172114";"Bad Reichenhall, GKSt";"Oberzentrum";"0";"0";"0,00";"0,00";"7";"2.398";"133";"3,0";"519";"28,0";"3";"1.697";"94,0";"4,0";"202";"11";"3,0";"3";"0";"0";"56.129";"1";"3";"215"
"09172118";"Freilassing, Stadt";"Oberzentrum";"0";"0";"0,00";"0,00";"5";"1.900";"113";"1,0";"519";"30,0";"3";"1.329";"79,0";"5,0";"1.559";"93";"1,0";"1";"0";"0";"98.840";"0";"0";"0"
"09177117";"Erding, GKSt";"Oberzentrum";"0";"0";"0,00";"0,00";"14";"6.729";"184";"6,0";"1.390";"38,0";"6";"5.033";"138,0";"7,0";"3.624";"100";"2,0";"2";"0";"0";"253.223";"1";"10";"995"
"09178124";"Freising, GKSt";"Oberzentrum";"2";"8.801";"182,15";"83,00";"16";"6.543";"135";"6,0";"1.621";"33,0";"8";"4.412";"91,0";"9,0";"3.984";"82";"4,0";"2";"1";"1";"410.979";"0";"0";"0"
"09180117";"Garmisch-Partenkirchen, Markt";"Oberzentrum";"0";"0";"0,00";"0,00";"11";"3.569";"132";"4,0";"744";"27,0";"6";"2.741";"101,0";"10,0";"1.571";"58";"4,0";"4";"0";"0";"103.866";"0";"0";"0"
"09183128";"Mühldorf a.Inn, Stadt";"Oberzentrum";"1";"273";"13,57";"13,00";"4";"1.902";"94";"2,0";"602";"29,0";"2";"1.300";"64,0";"8,0";"3.327";"165";"3,0";"3";"0";"0";"204.352";"1";"4";"932"
"09183148";"Waldkraiburg, Stadt";"Oberzentrum";"0";"0";"0,00";"0,00";"9";"3.722";"158";"4,0";"785";"33,0";"4";"2.649";"113,0";"0,0";"0";"0";"1,0";"1";"0";"0";"122.232";"1";"8";"1.060"
"09189155";"Traunstein, GKSt";"Oberzentrum";"0";"0";"0,00";"0,00";"9";"4.612";"228";"2,0";"632";"31,0";"5";"3.606";"178,0";"17,0";"5.941";"295";"2,0";"2";"0";"0";"131.194";"1";"3";"748"
"09190157";"Weilheim i.OB, Stadt";"Oberzentrum";"0";"0";"0,00";"0,00";"7";"3.569";"159";"2,0";"672";"30,0";"4";"2.737";"122,0";"8,0";"2.686";"120";"1,0";"1";"0";"0";"162.231";"2";"6";"729"
"09261000";"Landshut";"Oberzentrum";"1";"4.926";"69,19";"69,00";"19";"8.280";"116";"8,0";"2.274";"31,0";"8";"5.520";"77,0";"28,0";"8.368";"118";"5,0";"3";"1";"1";"809.227";"2";"12";"1.649"
"09262000";"Passau";"Oberzentrum";"1";"12.742";"246,07";"0,00";"20";"5.560";"107";"8,0";"1.263";"24,0";"8";"3.567";"68,0";"21,0";"6.855";"132";"8,0";"6";"2";"0";"474.989";"3";"12";"2.053"
"09263000";"Straubing";"Oberzentrum";"2";"495";"10,40";"5,00";"21";"7.266";"152";"6,0";"1.389";"29,0";"10";"5.055";"106,0";"18,0";"5.173";"109";"3,0";"2";"0";"1";"333.768";"1";"7";"1.079"
"09271119";"Deggendorf, GKSt";"Oberzentrum";"2";"6.427";"192,58";"192,00";"12";"3.805";"114";"5,0";"919";"27,0";"5";"2.634";"78,0";"12,0";"4.423";"133";"4,0";"3";"1";"0";"289.899";"1";"5";"736"
"09271146";"Plattling, Stadt";"Oberzentrum";"0";"0";"0,00";"0,00";"3";"1.330";"102";"1,0";"415";"32,0";"2";"915";"70,0";"8,0";"929";"72";"1,0";"1";"0";"0";"59.610";"1";"6";"1.084"
"09279112";"Dingolfing, Stadt";"Oberzentrum";"0";"0";"0,00";"0,00";"7";"3.007";"154";"3,0";"613";"31,0";"3";"2.266";"116,0";"1,0";"2.457";"126";"1,0";"1";"0";"0";"88.903";"1";"4";"454"
"09361000";"Amberg";"Oberzentrum";"1";"1.661";"39,32";"39,00";"17";"6.250";"147";"5,0";"1.254";"29,0";"9";"4.506";"106,0";"12,0";"2.974";"70";"6,0";"4";"2";"0";"299.132";"3";"12";"1.754"
"09362000";"Regensburg";"Oberzentrum";"3";"32.212";"213,47";"75,00";"51";"16.904";"112";"20,0";"4.533";"30,0";"22";"11.207";"74,0";"40,0";"13.303";"88";"10,0";"5";"3";"2";"2.504.837";"6";"16";"2.720"
"09363000";"Weiden i.d.OPf.";"Oberzentrum";"1";"1.435";"33,73";"33,00";"16";"5.823";"136";"8,0";"1.317";"30,0";"7";"4.384";"103,0";"12,0";"5.068";"119";"1,0";"1";"0";"0";"449.425";"3";"7";"1.193"
"09372116";"Cham, Stadt";"Oberzentrum";"0";"0";"0,00";"0,00";"11";"3.943";"234";"4,0";"513";"30,0";"5";"3.202";"190,0";"6,0";"3.064";"182";"1,0";"1";"0";"0";"167.769";"1";"9";"996"
"09373147";"Neumarkt i.d.OPf., GKSt";"Oberzentrum";"0";"0";"0,00";"0,00";"16";"6.464";"162";"8,0";"1.296";"32,0";"6";"4.933";"123,0";"12,0";"3.700";"93";"3,0";"3";"0";"0";"305.971";"2";"8";"1.128"
"09377158";"Waldsassen, Stadt";"Oberzentrum";"0";"0";"0,00";"0,00";"4";"1.025";"151";"1,0";"200";"29,0";"3";"825";"122,0";"0,0";"0";"0";"1,0";"1";"0";"0";"32.134";"0";"0";"0"
"09461000";"Bamberg";"Oberzentrum";"2";"12.984";"168,23";"4,00";"33";"10.704";"138";"13,0";"2.144";"27,0";"15";"7.931";"102,0";"36,0";"7.281";"94";"9,0";"5";"2";"2";"1.342.263";"3";"11";"1.946"
"09462000";"Bayreuth";"Oberzentrum";"2";"12.990";"175,54";"0,00";"26";"9.447";"127";"10,0";"1.930";"26,0";"10";"6.647";"89,0";"29,0";"5.852";"79";"5,0";"3";"1";"1";"834.341";"1";"8";"1.258"
"09463000";"Coburg";"Oberzentrum";"2";"5.357";"129,91";"129,00";"19";"6.367";"154";"8,0";"1.225";"29,0";"8";"4.475";"108,0";"22,0";"4.486";"109";"6,0";"4";"2";"0";"235.953";"1";"9";"1.351"
"09464000";"Hof";"Oberzentrum";"2";"4.939";"107,49";"64,00";"19";"5.878";"127";"8,0";"1.235";"26,0";"8";"4.035";"87,0";"13,0";"4.765";"104";"3,0";"1";"1";"1";"291.212";"2";"10";"1.683"
"09474126";"Forchheim, GKSt";"Oberzentrum";"0";"0";"0,00";"0,00";"12";"4.085";"127";"5,0";"983";"30,0";"4";"2.474";"77,0";"8,0";"1.709";"53";"3,0";"3";"0";"0";"224.198";"1";"3";"817"
"09477128";"Kulmbach, GKSt";"Oberzentrum";"0";"0";"0,00";"0,00";"13";"4.164";"160";"7,0";"817";"31,0";"5";"3.133";"120,0";"9,0";"2.544";"98";"3,0";"2";"0";"1";"194.418";"1";"4";"390"
"09479136";"Marktredwitz, GKSt";"Oberzentrum";"0";"0";"0,00";"0,00";"7";"2.438";"141";"2,0";"474";"27,0";"3";"1.798";"104,0";"8,0";"1.659";"96";"1,0";"1";"0";"0";"89.884";"1";"5";"823"
"09479152";"Selb, GKSt";"Oberzentrum";"0";"0";"0,00";"0,00";"7";"2.073";"137";"3,0";"358";"23,0";"3";"1.599";"105,0";"5,0";"916";"61";"1,0";"1";"0";"0";"90.694";"0";"0";"0"
"09479169";"Wunsiedel, Stadt";"Oberzentrum";"0";"0";"0,00";"0,00";"4";"1.902";"207";"1,0";"353";"38,0";"3";"1.549";"169,0";"2,0";"169";"18";"2,0";"2";"0";"0";"52.699";"0";"0";"0"
"09561000";"Ansbach";"Oberzentrum";"1";"2.902";"69,67";"69,00";"18";"5.871";"140";"10,0";"1.393";"33,0";"7";"4.259";"102,0";"19,0";"5.784";"139";"5,0";"3";"2";"0";"165.582";"3";"8";"1.579"
"09562000";"Erlangen";"Oberzentrum";"1";"29.025";"261,49";"0,00";"33";"12.727";"114";"16,0";"3.514";"31,0";"13";"8.202";"73,0";"28,0";"6.181";"56";"9,0";"7";"1";"1";"1.751.424";"3";"14";"2.153"
"09563000";"Fürth";"Oberzentrum";"1";"146";"1,15";"1,00";"32";"11.432";"90";"16,0";"3.813";"30,0";"13";"6.902";"54,0";"20,0";"6.315";"50";"2,0";"2";"0";"0";"549.988";"3";"9";"196"
"09564000";"Nürnberg";"Oberzentrum";"6";"26.007";"50,48";"30,00";"131";"47.949";"93";"54,0";"15.661";"30,0";"59";"27.668";"53,0";"95,0";"28.094";"55";"26,0";"17";"3";"6";"2.254.131";"8";"40";"2.266"
"09565000";"Schwabach";"Oberzentrum";"0";"0";"0,00";"0,00";"11";"5.124";"125";"4,0";"1.305";"32,0";"5";"3.492";"85,0";"7,0";"1.241";"30";"2,0";"2";"0";"0";"122.255";"2";"4";"266"
"09661000";"Aschaffenburg";"Oberzentrum";"1";"3.296";"47,13";"47,00";"30";"9.143";"130";"13,0";"2.132";"30,0";"14";"6.588";"94,0";"31,0";"7.529";"108";"14,0";"11";"2";"1";"529.432";"2";"9";"1.790"
"09662000";"Schweinfurt";"Oberzentrum";"1";"2.758";"51,61";"51,00";"27";"8.688";"162";"9,0";"1.699";"31,0";"13";"6.339";"118,0";"22,0";"6.878";"129";"3,0";"2";"0";"1";"249.424";"3";"15";"993"
"09663000";"Würzburg";"Oberzentrum";"3";"34.758";"274,47";"49,00";"48";"15.943";"125";"14,0";"2.893";"22,0";"20";"10.427";"82,0";"60,0";"12.454";"98";"18,0";"14";"3";"1";"1.745.697";"3";"10";"2.011"
"09672114";"Bad Kissingen, GKSt";"Oberzentrum";"0";"0";"0,00";"0,00";"9";"3.100";"139";"3,0";"616";"27,0";"4";"2.151";"96,0";"5,0";"1.710";"77";"5,0";"5";"0";"0";"111.932";"1";"3";"471"
"09673114";"Bad Neustadt a.d.Saale, Stadt";"Oberzentrum";"0";"0";"0,00";"0,00";"6";"2.463";"160";"3,0";"499";"32,0";"3";"1.964";"127,0";"11,0";"2.700";"176";"4,0";"4";"0";"0";"225.237";"0";"0";"0"
"09761000";"Augsburg";"Oberzentrum";"3";"26.618";"90,89";"22,00";"76";"28.139";"96";"32,0";"8.665";"29,0";"34";"17.359";"59,0";"52,0";"17.886";"61";"24,0";"18";"3";"3";"1.789.215";"5";"17";"3.389"
"09762000";"Kaufbeuren";"Oberzentrum";"1";"412";"9,48";"0,00";"16";"5.761";"132";"7,0";"1.386";"31,0";"7";"4.021";"92,0";"13,0";"3.456";"79";"1,0";"1";"0";"0";"232.600";"2";"10";"1.704"
"09763000";"Kempten (Allgäu)";"Oberzentrum";"1";"5.989";"87,65";"87,00";"26";"8.839";"129";"10,0";"2.177";"31,0";"10";"5.911";"86,0";"27,0";"7.759";"114";"4,0";"3";"1";"0";"727.313";"1";"7";"1.218"
"09764000";"Memmingen";"Oberzentrum";"0";"0";"0,00";"0,00";"15";"5.537";"127";"6,0";"1.441";"33,0";"7";"3.756";"86,0";"17,0";"4.835";"111";"3,0";"2";"1";"0";"368.036";"2";"11";"1.261"
"09773125";"Dillingen a.d.Donau, GKSt";"Oberzentrum";"0";"0";"0,00";"0,00";"7";"3.227";"172";"1,0";"610";"32,0";"4";"2.244";"120,0";"2,0";"145";"8";"3,0";"2";"1";"0";"113.260";"1";"4";"570"
"09773144";"Lauingen (Donau), Stadt";"Oberzentrum";"0";"0";"0,00";"0,00";"4";"1.811";"165";"1,0";"314";"28,0";"3";"1.497";"137,0";"2,0";"1.931";"177";"1,0";"1";"0";"0";"30.600";"0";"0";"0"
"09774135";"Günzburg, GKSt";"Oberzentrum";"0";"0";"0,00";"0,00";"11";"3.430";"168";"4,0";"716";"35,0";"6";"2.569";"126,0";"5,0";"2.153";"106";"1,0";"1";"0";"0";"120.371";"1";"4";"670"
"09774155";"Leipheim, Stadt";"Oberzentrum";"0";"0";"0,00";"0,00";"2";"459";"64";"1,0";"236";"33,0";"1";"223";"31,0";"0,0";"0";"0";"1,0";"1";"0";"0";"9.918";"0";"0";"0"
"09775135";"Neu-Ulm, GKSt";"Oberzentrum";"1";"3.872";"67,07";"67,00";"19";"5.866";"101";"9,0";"1.992";"34,0";"8";"3.555";"61,0";"6,0";"3.194";"55";"3,0";"1";"1";"1";"322.121";"1";"11";"2.650"
"09776116";"Lindau (Bodensee), GKSt";"Oberzentrum";"0";"0";"0,00";"0,00";"12";"3.154";"124";"5,0";"770";"30,0";"6";"2.230";"88,0";"5,0";"2.317";"92";"1,0";"1";"0";"0";"133.817";"4";"5";"670"
"09779131";"Donauwörth, GKSt";"Oberzentrum";"0";"0";"0,00";"0,00";"7";"3.240";"163";"3,0";"628";"31,0";"4";"2.612";"131,0";"7,0";"2.949";"149";"2,0";"2";"0";"0";"143.540";"1";"3";"548"
"09779194";"Nördlingen, GKSt";"Oberzentrum";"0";"0";"0,00";"0,00";"8";"2.784";"137";"4,0";"645";"31,0";"3";"1.946";"96,0";"10,0";"1.317";"65";"1,0";"1";"0";"0";"101.250";"2";"6";"1.022"
"09780124";"Immenstadt i.Allgäu, Stadt";"Oberzentrum";"0";"0";"0,00";"0,00";"6";"2.365";"166";"2,0";"453";"31,0";"4";"1.912";"134,0";"7,0";"2.275";"160";"2,0";"2";"0";"0";"85.104";"1";"2";"360"
"09780139";"Sonthofen, Stadt";"Oberzentrum";"0";"0";"0,00";"0,00";"7";"2.653";"123";"2,0";"613";"28,0";"3";"1.740";"80,0";"1,0";"342";"16";"2,0";"2";"0";"0";"95.607";"1";"2";"280"
"10041100";"Saarbrücken, Landeshauptstadt";"Oberzentrum";"6";"31.370";"173,35";"74,00";"55";"18.063";"99";"29,0";"5.666";"31,0";"17";"11.049";"61,0";"24,0";"12.483";"69";"20,0";"10";"5";"5";"1.149.342";"6";"26";"4.444"
"11000000";"Berlin, Stadt";"Oberzentrum";"54";"187.934";"52,01";"16,00";"774";"349.661";"96";"408,0";"117.287";"32,0";"263";"216.139";"59,0";"267,0";"88.653";"25";"101,0";"27";"19";"55";"24.507.836";"83";"266";"50.141"
"12051000";"Brandenburg an der Havel, Stadt";"Oberzentrum";"1";"2.639";"36,71";"36,00";"24";"6.814";"94";"12,0";"3.142";"43,0";"8";"3.262";"45,0";"3,0";"1.958";"27";"7,0";"3";"1";"3";"515.983";"3";"12";"1.478"
"12052000";"Cottbus, Stadt";"Oberzentrum";"1";"6.212";"61,48";"0,00";"30";"10.708";"105";"14,0";"4.162";"41,0";"11";"5.487";"54,0";"4,0";"4.122";"41";"4,0";"2";"1";"1";"561.076";"6";"16";"3.468"
"12053000";"Frankfurt (Oder), Stadt";"Oberzentrum";"1";"6.610";"113,50";"0,00";"19";"6.091";"104";"9,0";"2.546";"43,0";"6";"2.977";"51,0";"1,0";"1.931";"33";"3,0";"2";"1";"0";"87.309";"3";"9";"2.157"
"12054000";"Potsdam, Stadt";"Oberzentrum";"5";"25.233";"143,61";"22,00";"61";"21.860";"124";"31,0";"9.235";"52,0";"21";"10.185";"57,0";"10,0";"5.718";"33";"10,0";"2";"4";"4";"1.566.528";"4";"14";"3.010"
"13003000";"Rostock, Hansestadt";"Oberzentrum";"4";"14.958";"71,77";"3,00";"49";"18.429";"88";"18,0";"5.109";"24,0";"15";"7.750";"37,0";"10,0";"7.601";"36";"6,0";"1";"2";"3";"1.570.648";"5";"15";"3.211"
"13004000";"Schwerin, Landeshauptstadt";"Oberzentrum";"2";"736";"7,68";"7,00";"28";"10.223";"106";"9,0";"2.410";"25,0";"8";"4.677";"48,0";"10,0";"6.261";"65";"3,0";"1";"1";"1";"503.870";"2";"12";"2.499"
"13071107";"Neubrandenburg, Stadt";"Oberzentrum";"1";"2.170";"33,77";"33,00";"22";"7.068";"109";"7,0";"2.006";"31,0";"8";"3.664";"57,0";"4,0";"2.658";"41";"2,0";"1";"1";"0";"438.231";"2";"9";"1.833"
"13073088";"Stralsund, Hansestadt";"Oberzentrum";"1";"2.172";"36,49";"36,00";"17";"5.729";"96";"7,0";"1.906";"32,0";"6";"3.132";"52,0";"3,0";"3.209";"54";"2,0";"1";"1";"0";"330.542";"1";"6";"1.173"
"13075039";"Greifswald, Hansestadt";"Oberzentrum";"1";"10.246";"174,00";"0,00";"17";"5.874";"99";"5,0";"1.412";"23,0";"5";"2.479";"42,0";"5,0";"3.035";"52";"3,0";"1";"1";"1";"671.735";"1";"6";"989"
"14511000";"Chemnitz, Stadt";"Oberzentrum";"1";"10.482";"42,46";"0,00";"92";"19.563";"79";"47,0";"7.389";"29,0";"28";"9.752";"39,0";"69,0";"12.328";"50";"2,0";"1";"1";"0";"2.250.871";"8";"19";"2.953"
"14523320";"Plauen, Stadt";"Oberzentrum";"0";"0";"0,00";"0,00";"25";"5.407";"82";"12,0";"2.043";"31,0";"9";"3.091";"47,0";"22,0";"3.230";"50";"4,0";"3";"1";"0";"313.045";"1";"8";"1.162"
"14524330";"Zwickau, Stadt";"Oberzentrum";"2";"4.006";"44,42";"44,00";"28";"6.572";"72";"12,0";"2.653";"29,0";"10";"3.391";"37,0";"29,0";"3.912";"43";"2,0";"1";"1";"0";"577.516";"2";"8";"1.350"
"14612000";"Dresden, Stadt";"Oberzentrum";"10";"39.172";"71,08";"11,00";"178";"50.871";"92";"82,0";"19.536";"35,0";"67";"27.680";"50,0";"107,0";"21.170";"38";"17,0";"2";"4";"11";"5.153.185";"13";"50";"11.692"
"14625020";"Bautzen, Stadt";"Oberzentrum";"1";"133";"3,37";"0,00";"21";"4.836";"122";"6,0";"1.305";"33,0";"10";"3.034";"76,0";"14,0";"2.394";"61";"4,0";"1";"1";"2";"364.253";"2";"5";"664"
"14625240";"Hoyerswerda, Stadt";"Oberzentrum";"0";"0";"0,00";"0,00";"14";"3.545";"107";"4,0";"943";"28,0";"6";"2.298";"69,0";"9,0";"1.276";"39";"2,0";"1";"0";"1";"280.495";"2";"5";"999"
"14626110";"Görlitz, Stadt";"Oberzentrum";"1";"1.685";"29,88";"29,00";"23";"5.308";"94";"10,0";"1.796";"31,0";"8";"2.973";"52,0";"20,0";"2.400";"43";"2,0";"1";"0";"1";"303.999";"3";"7";"778"
"14713000";"Leipzig, Stadt";"Oberzentrum";"8";"39.097";"67,18";"13,00";"158";"49.000";"84";"76,0";"19.249";"33,0";"53";"25.865";"44,0";"110,0";"18.699";"32";"11,0";"2";"6";"3";"6.122.456";"13";"39";"6.978"
"15001000";"Dessau-Roßlau, Stadt";"Oberzentrum";"1";"1.239";"15,09";"15,00";"26";"6.548";"79";"14,0";"2.431";"29,0";"9";"3.800";"46,0";"3,0";"2.902";"35";"3,0";"1";"0";"2";"340.614";"2";"8";"1.422"
"15002000";"Halle (Saale), Stadt";"Oberzentrum";"3";"21.263";"88,90";"0,00";"74";"22.487";"94";"37,0";"7.976";"33,0";"22";"12.372";"51,0";"16,0";"6.058";"25";"10,0";"1";"3";"6";"1.611.143";"6";"22";"4.274"
"15003000";"Magdeburg, Landeshauptstadt";"Oberzentrum";"2";"17.875";"74,95";"16,00";"70";"20.458";"85";"36,0";"7.275";"30,0";"23";"11.404";"47,0";"18,0";"5.430";"23";"7,0";"2";"2";"3";"1.436.968";"7";"25";"5.915"
"16051000";"Erfurt, Stadt";"Oberzentrum";"2";"9.846";"46,23";"19,00";"69";"19.448";"91";"31,0";"6.670";"31,0";"23";"9.660";"45,0";"19,0";"9.854";"46";"5,0";"1";"2";"2";"1.388.664";"3";"11";"2.260"
"16052000";"Gera, Stadt";"Oberzentrum";"2";"1.829";"19,28";"19,00";"29";"8.030";"84";"12,0";"2.798";"29,0";"11";"4.641";"48,0";"12,0";"4.469";"47";"5,0";"2";"1";"2";"434.291";"3";"11";"1.934"
"16053000";"Jena, Stadt";"Oberzentrum";"2";"21.836";"196,55";"40,00";"31";"10.526";"94";"10,0";"2.620";"23,0";"10";"4.627";"41,0";"5,0";"3.320";"30";"7,0";"3";"2";"2";"1.648.304";"3";"11";"1.560"
