Kennziffer,Raumeinheit,Aggregat,year,value
01001,"Flensburg, Stadt",krsfr. Stadt,2014,2867
01001,"Flensburg, Stadt",krsfr. Stadt,2015,2886
01001,"Flensburg, Stadt",krsfr. Stadt,2016,2934
01001,"Flensburg, Stadt",krsfr. Stadt,2017,2986
01002,"Kiel, Stadt",krsfr. Stadt,2014,3129
01002,"Kiel, Stadt",krsfr. Stadt,2015,3190
01002,"Kiel, Stadt",krsfr. Stadt,2016,3231
01002,"Kiel, Stadt",krsfr. Stadt,2017,3304
01003,"Lübeck, Stadt",krsfr. Stadt,2014,2885
01003,"Lübeck, Stadt",krsfr. Stadt,2015,2931
01003,"Lübeck, Stadt",krsfr. Stadt,2016,2962
01003,"Lübeck, Stadt",krsfr. Stadt,2017,3036
01004,"Neumünster, Stadt",krsfr. Stadt,2014,2699
01004,"Neumünster, Stadt",krsfr. Stadt,2015,2735
01004,"Neumünster, Stadt",krsfr. Stadt,2016,2760
01004,"Neumünster, Stadt",krsfr. Stadt,2017,2842
01051,Dithmarschen,Landkreis,2014,2749
01051,Dithmarschen,Landkreis,2015,2769
01051,Dithmarschen,Landkreis,2016,2835
01051,Dithmarschen,Landkreis,2017,2914
01053,Herzogtum Lauenburg,Landkreis,2014,2676
01053,Herzogtum Lauenburg,Landkreis,2015,2720
01053,Herzogtum Lauenburg,Landkreis,2016,2755
01053,Herzogtum Lauenburg,Landkreis,2017,2832
01054,Nordfriesland,Landkreis,2014,2619
01054,Nordfriesland,Landkreis,2015,2669
01054,Nordfriesland,Landkreis,2016,2714
01054,Nordfriesland,Landkreis,2017,2768
01055,Ostholstein,Landkreis,2014,2480
01055,Ostholstein,Landkreis,2015,2516
01055,Ostholstein,Landkreis,2016,2569
01055,Ostholstein,Landkreis,2017,2636
01056,Pinneberg,Landkreis,2014,2864
01056,Pinneberg,Landkreis,2015,2926
01056,Pinneberg,Landkreis,2016,2983
01056,Pinneberg,Landkreis,2017,3036
01057,Plön,Landkreis,2014,2610
01057,Plön,Landkreis,2015,2649
01057,Plön,Landkreis,2016,2703
01057,Plön,Landkreis,2017,2771
01058,Rendsburg-Eckernförde,Landkreis,2014,2778
01058,Rendsburg-Eckernförde,Landkreis,2015,2818
01058,Rendsburg-Eckernförde,Landkreis,2016,2870
01058,Rendsburg-Eckernförde,Landkreis,2017,2945
01059,Schleswig-Flensburg,Landkreis,2014,2565
01059,Schleswig-Flensburg,Landkreis,2015,2606
01059,Schleswig-Flensburg,Landkreis,2016,2658
01059,Schleswig-Flensburg,Landkreis,2017,2715
01060,Segeberg,Landkreis,2014,2816
01060,Segeberg,Landkreis,2015,2903
01060,Segeberg,Landkreis,2016,2954
01060,Segeberg,Landkreis,2017,3031
01061,Steinburg,Landkreis,2014,2815
01061,Steinburg,Landkreis,2015,2874
01061,Steinburg,Landkreis,2016,2916
01061,Steinburg,Landkreis,2017,2991
01062,Stormarn,Landkreis,2014,2873
01062,Stormarn,Landkreis,2015,2908
01062,Stormarn,Landkreis,2016,2950
01062,Stormarn,Landkreis,2017,3023
02000,"Hamburg, Stadt",krsfr. Stadt,2014,3444
02000,"Hamburg, Stadt",krsfr. Stadt,2015,3488
02000,"Hamburg, Stadt",krsfr. Stadt,2016,3544
02000,"Hamburg, Stadt",krsfr. Stadt,2017,3619
03101,"Braunschweig, Stadt",krsfr. Stadt,2014,3247
03101,"Braunschweig, Stadt",krsfr. Stadt,2015,3329
03101,"Braunschweig, Stadt",krsfr. Stadt,2016,3362
03101,"Braunschweig, Stadt",krsfr. Stadt,2017,3438
03102,"Salzgitter, Stadt",krsfr. Stadt,2014,3785
03102,"Salzgitter, Stadt",krsfr. Stadt,2015,3881
03102,"Salzgitter, Stadt",krsfr. Stadt,2016,3985
03102,"Salzgitter, Stadt",krsfr. Stadt,2017,4085
03103,"Wolfsburg, Stadt",krsfr. Stadt,2014,4504
03103,"Wolfsburg, Stadt",krsfr. Stadt,2015,4610
03103,"Wolfsburg, Stadt",krsfr. Stadt,2016,4563
03103,"Wolfsburg, Stadt",krsfr. Stadt,2017,4622
03151,Gifhorn,Landkreis,2014,2907
03151,Gifhorn,Landkreis,2015,2991
03151,Gifhorn,Landkreis,2016,3042
03151,Gifhorn,Landkreis,2017,3136
03153,Goslar,Landkreis,2014,2727
03153,Goslar,Landkreis,2015,2770
03153,Goslar,Landkreis,2016,2790
03153,Goslar,Landkreis,2017,2858
03154,Helmstedt,Landkreis,2014,2536
03154,Helmstedt,Landkreis,2015,2606
03154,Helmstedt,Landkreis,2016,2637
03154,Helmstedt,Landkreis,2017,2720
03155,Northeim,Landkreis,2014,2757
03155,Northeim,Landkreis,2015,2826
03155,Northeim,Landkreis,2016,2860
03155,Northeim,Landkreis,2017,2931
03157,Peine,Landkreis,2014,2800
03157,Peine,Landkreis,2015,2853
03157,Peine,Landkreis,2016,2903
03157,Peine,Landkreis,2017,2946
03158,Wolfenbüttel,Landkreis,2014,2786
03158,Wolfenbüttel,Landkreis,2015,2847
03158,Wolfenbüttel,Landkreis,2016,2902
03158,Wolfenbüttel,Landkreis,2017,2979
03159,Göttingen,Landkreis,2014,5777
03159,Göttingen,Landkreis,2015,5874
03159,Göttingen,Landkreis,2016,3053
03159,Göttingen,Landkreis,2017,3128
03241,Region Hannover,Landkreis,2014,3194
03241,Region Hannover,Landkreis,2015,3259
03241,Region Hannover,Landkreis,2016,3302
03241,Region Hannover,Landkreis,2017,3387
03251,Diepholz,Landkreis,2014,2669
03251,Diepholz,Landkreis,2015,2724
03251,Diepholz,Landkreis,2016,2761
03251,Diepholz,Landkreis,2017,2822
03252,Hameln-Pyrmont,Landkreis,2014,2970
03252,Hameln-Pyrmont,Landkreis,2015,3035
03252,Hameln-Pyrmont,Landkreis,2016,3069
03252,Hameln-Pyrmont,Landkreis,2017,3142
03254,Hildesheim,Landkreis,2014,2885
03254,Hildesheim,Landkreis,2015,2950
03254,Hildesheim,Landkreis,2016,2979
03254,Hildesheim,Landkreis,2017,3044
03255,Holzminden,Landkreis,2014,2934
03255,Holzminden,Landkreis,2015,3003
03255,Holzminden,Landkreis,2016,3059
03255,Holzminden,Landkreis,2017,3132
03256,Nienburg (Weser),Landkreis,2014,2671
03256,Nienburg (Weser),Landkreis,2015,2744
03256,Nienburg (Weser),Landkreis,2016,2780
03256,Nienburg (Weser),Landkreis,2017,2866
03257,Schaumburg,Landkreis,2014,2750
03257,Schaumburg,Landkreis,2015,2786
03257,Schaumburg,Landkreis,2016,2825
03257,Schaumburg,Landkreis,2017,2880
03351,Celle,Landkreis,2014,2984
03351,Celle,Landkreis,2015,3027
03351,Celle,Landkreis,2016,3059
03351,Celle,Landkreis,2017,3154
03352,Cuxhaven,Landkreis,2014,2670
03352,Cuxhaven,Landkreis,2015,2696
03352,Cuxhaven,Landkreis,2016,2707
03352,Cuxhaven,Landkreis,2017,2768
03353,Harburg,Landkreis,2014,2632
03353,Harburg,Landkreis,2015,2671
03353,Harburg,Landkreis,2016,2719
03353,Harburg,Landkreis,2017,2718
03354,Lüchow-Dannenberg,Landkreis,2014,2485
03354,Lüchow-Dannenberg,Landkreis,2015,2550
03354,Lüchow-Dannenberg,Landkreis,2016,2570
03354,Lüchow-Dannenberg,Landkreis,2017,2700
03355,Lüneburg,Landkreis,2014,2728
03355,Lüneburg,Landkreis,2015,2748
03355,Lüneburg,Landkreis,2016,2816
03355,Lüneburg,Landkreis,2017,2890
03356,Osterholz,Landkreis,2014,2580
03356,Osterholz,Landkreis,2015,2634
03356,Osterholz,Landkreis,2016,2670
03356,Osterholz,Landkreis,2017,2737
03357,Rotenburg (Wümme),Landkreis,2014,2689
03357,Rotenburg (Wümme),Landkreis,2015,2734
03357,Rotenburg (Wümme),Landkreis,2016,2768
03357,Rotenburg (Wümme),Landkreis,2017,2850
03358,Heidekreis,Landkreis,2014,2757
03358,Heidekreis,Landkreis,2015,2803
03358,Heidekreis,Landkreis,2016,2844
03358,Heidekreis,Landkreis,2017,2892
03359,Stade,Landkreis,2014,2954
03359,Stade,Landkreis,2015,2997
03359,Stade,Landkreis,2016,3029
03359,Stade,Landkreis,2017,3098
03360,Uelzen,Landkreis,2014,2586
03360,Uelzen,Landkreis,2015,2655
03360,Uelzen,Landkreis,2016,2700
03360,Uelzen,Landkreis,2017,2766
03361,Verden,Landkreis,2014,2801
03361,Verden,Landkreis,2015,2828
03361,Verden,Landkreis,2016,2872
03361,Verden,Landkreis,2017,2926
03401,"Delmenhorst, Stadt",krsfr. Stadt,2014,2724
03401,"Delmenhorst, Stadt",krsfr. Stadt,2015,2751
03401,"Delmenhorst, Stadt",krsfr. Stadt,2016,2782
03401,"Delmenhorst, Stadt",krsfr. Stadt,2017,2815
03402,"Emden, Stadt",krsfr. Stadt,2014,3438
03402,"Emden, Stadt",krsfr. Stadt,2015,3460
03402,"Emden, Stadt",krsfr. Stadt,2016,3555
03402,"Emden, Stadt",krsfr. Stadt,2017,3562
03403,"Oldenburg (Oldenburg), Stadt",krsfr. Stadt,2014,2960
03403,"Oldenburg (Oldenburg), Stadt",krsfr. Stadt,2015,3015
03403,"Oldenburg (Oldenburg), Stadt",krsfr. Stadt,2016,3049
03403,"Oldenburg (Oldenburg), Stadt",krsfr. Stadt,2017,3152
03404,"Osnabrück, Stadt",krsfr. Stadt,2014,3048
03404,"Osnabrück, Stadt",krsfr. Stadt,2015,3112
03404,"Osnabrück, Stadt",krsfr. Stadt,2016,3179
03404,"Osnabrück, Stadt",krsfr. Stadt,2017,3245
03405,"Wilhelmshaven, Stadt",krsfr. Stadt,2014,3031
03405,"Wilhelmshaven, Stadt",krsfr. Stadt,2015,3091
03405,"Wilhelmshaven, Stadt",krsfr. Stadt,2016,3106
03405,"Wilhelmshaven, Stadt",krsfr. Stadt,2017,3169
03451,Ammerland,Landkreis,2014,2652
03451,Ammerland,Landkreis,2015,2705
03451,Ammerland,Landkreis,2016,2744
03451,Ammerland,Landkreis,2017,2809
03452,Aurich,Landkreis,2014,2573
03452,Aurich,Landkreis,2015,2667
03452,Aurich,Landkreis,2016,2715
03452,Aurich,Landkreis,2017,2785
03453,Cloppenburg,Landkreis,2014,2512
03453,Cloppenburg,Landkreis,2015,2554
03453,Cloppenburg,Landkreis,2016,2568
03453,Cloppenburg,Landkreis,2017,2609
03454,Emsland,Landkreis,2014,2828
03454,Emsland,Landkreis,2015,2876
03454,Emsland,Landkreis,2016,2914
03454,Emsland,Landkreis,2017,2972
03455,Friesland,Landkreis,2014,2695
03455,Friesland,Landkreis,2015,2775
03455,Friesland,Landkreis,2016,2803
03455,Friesland,Landkreis,2017,2898
03456,Grafschaft Bentheim,Landkreis,2014,2686
03456,Grafschaft Bentheim,Landkreis,2015,2736
03456,Grafschaft Bentheim,Landkreis,2016,2770
03456,Grafschaft Bentheim,Landkreis,2017,2833
03457,Leer,Landkreis,2014,2622
03457,Leer,Landkreis,2015,2693
03457,Leer,Landkreis,2016,2719
03457,Leer,Landkreis,2017,2761
03458,Oldenburg,Landkreis,2014,2538
03458,Oldenburg,Landkreis,2015,2596
03458,Oldenburg,Landkreis,2016,2650
03458,Oldenburg,Landkreis,2017,2720
03459,Osnabrück,Landkreis,2014,2680
03459,Osnabrück,Landkreis,2015,2722
03459,Osnabrück,Landkreis,2016,2754
03459,Osnabrück,Landkreis,2017,2808
03460,Vechta,Landkreis,2014,2675
03460,Vechta,Landkreis,2015,2710
03460,Vechta,Landkreis,2016,2756
03460,Vechta,Landkreis,2017,2821
03461,Wesermarsch,Landkreis,2014,3264
03461,Wesermarsch,Landkreis,2015,3341
03461,Wesermarsch,Landkreis,2016,3365
03461,Wesermarsch,Landkreis,2017,3428
03462,Wittmund,Landkreis,2014,2483
03462,Wittmund,Landkreis,2015,2568
03462,Wittmund,Landkreis,2016,2596
03462,Wittmund,Landkreis,2017,2685
04011,"Bremen, Stadt",krsfr. Stadt,2014,3331
04011,"Bremen, Stadt",krsfr. Stadt,2015,3353
04011,"Bremen, Stadt",krsfr. Stadt,2016,3388
04011,"Bremen, Stadt",krsfr. Stadt,2017,3445
04012,"Bremerhaven, Stadt",krsfr. Stadt,2014,3041
04012,"Bremerhaven, Stadt",krsfr. Stadt,2015,3090
04012,"Bremerhaven, Stadt",krsfr. Stadt,2016,3103
04012,"Bremerhaven, Stadt",krsfr. Stadt,2017,3196
05111,"Düsseldorf, Stadt",krsfr. Stadt,2014,3690
05111,"Düsseldorf, Stadt",krsfr. Stadt,2015,3742
05111,"Düsseldorf, Stadt",krsfr. Stadt,2016,3804
05111,"Düsseldorf, Stadt",krsfr. Stadt,2017,3882
05112,"Duisburg, Stadt",krsfr. Stadt,2014,3326
05112,"Duisburg, Stadt",krsfr. Stadt,2015,3378
05112,"Duisburg, Stadt",krsfr. Stadt,2016,3403
05112,"Duisburg, Stadt",krsfr. Stadt,2017,3467
05113,"Essen, Stadt",krsfr. Stadt,2014,3304
05113,"Essen, Stadt",krsfr. Stadt,2015,3328
05113,"Essen, Stadt",krsfr. Stadt,2016,3353
05113,"Essen, Stadt",krsfr. Stadt,2017,3451
05114,"Krefeld, Stadt",krsfr. Stadt,2014,3352
05114,"Krefeld, Stadt",krsfr. Stadt,2015,3386
05114,"Krefeld, Stadt",krsfr. Stadt,2016,3396
05114,"Krefeld, Stadt",krsfr. Stadt,2017,3423
05116,"Mönchengladbach, Stadt",krsfr. Stadt,2014,2950
05116,"Mönchengladbach, Stadt",krsfr. Stadt,2015,2982
05116,"Mönchengladbach, Stadt",krsfr. Stadt,2016,2988
05116,"Mönchengladbach, Stadt",krsfr. Stadt,2017,3047
05117,"Mülheim an der Ruhr, Stadt",krsfr. Stadt,2014,3373
05117,"Mülheim an der Ruhr, Stadt",krsfr. Stadt,2015,3422
05117,"Mülheim an der Ruhr, Stadt",krsfr. Stadt,2016,3454
05117,"Mülheim an der Ruhr, Stadt",krsfr. Stadt,2017,3523
05119,"Oberhausen, Stadt",krsfr. Stadt,2014,3145
05119,"Oberhausen, Stadt",krsfr. Stadt,2015,3158
05119,"Oberhausen, Stadt",krsfr. Stadt,2016,3197
05119,"Oberhausen, Stadt",krsfr. Stadt,2017,3272
05120,"Remscheid, Stadt",krsfr. Stadt,2014,3177
05120,"Remscheid, Stadt",krsfr. Stadt,2015,3243
05120,"Remscheid, Stadt",krsfr. Stadt,2016,3264
05120,"Remscheid, Stadt",krsfr. Stadt,2017,3323
05122,"Solingen, Stadt",krsfr. Stadt,2014,2938
05122,"Solingen, Stadt",krsfr. Stadt,2015,2985
05122,"Solingen, Stadt",krsfr. Stadt,2016,3029
05122,"Solingen, Stadt",krsfr. Stadt,2017,3085
05124,"Wuppertal, Stadt",krsfr. Stadt,2014,3191
05124,"Wuppertal, Stadt",krsfr. Stadt,2015,3249
05124,"Wuppertal, Stadt",krsfr. Stadt,2016,3287
05124,"Wuppertal, Stadt",krsfr. Stadt,2017,3379
05154,Kleve,Landkreis,2014,2748
05154,Kleve,Landkreis,2015,2776
05154,Kleve,Landkreis,2016,2822
05154,Kleve,Landkreis,2017,2882
05158,Mettmann,Landkreis,2014,3291
05158,Mettmann,Landkreis,2015,3354
05158,Mettmann,Landkreis,2016,3400
05158,Mettmann,Landkreis,2017,3473
05162,Rhein-Kreis Neuss,Landkreis,2014,3263
05162,Rhein-Kreis Neuss,Landkreis,2015,3304
05162,Rhein-Kreis Neuss,Landkreis,2016,3325
05162,Rhein-Kreis Neuss,Landkreis,2017,3446
05166,Viersen,Landkreis,2014,2882
05166,Viersen,Landkreis,2015,2900
05166,Viersen,Landkreis,2016,2917
05166,Viersen,Landkreis,2017,2969
05170,Wesel,Landkreis,2014,2894
05170,Wesel,Landkreis,2015,2953
05170,Wesel,Landkreis,2016,2992
05170,Wesel,Landkreis,2017,3047
05314,"Bonn, Stadt",krsfr. Stadt,2014,3621
05314,"Bonn, Stadt",krsfr. Stadt,2015,3703
05314,"Bonn, Stadt",krsfr. Stadt,2016,3760
05314,"Bonn, Stadt",krsfr. Stadt,2017,3857
05315,"Köln, Stadt",krsfr. Stadt,2014,3506
05315,"Köln, Stadt",krsfr. Stadt,2015,3553
05315,"Köln, Stadt",krsfr. Stadt,2016,3605
05315,"Köln, Stadt",krsfr. Stadt,2017,3696
05316,"Leverkusen, Stadt",krsfr. Stadt,2014,3951
05316,"Leverkusen, Stadt",krsfr. Stadt,2015,4051
05316,"Leverkusen, Stadt",krsfr. Stadt,2016,4083
05316,"Leverkusen, Stadt",krsfr. Stadt,2017,4170
05334,Städteregion Aachen,Landkreis,2014,3158
05334,Städteregion Aachen,Landkreis,2015,3215
05334,Städteregion Aachen,Landkreis,2016,3280
05334,Städteregion Aachen,Landkreis,2017,3365
05358,Düren,Landkreis,2014,3110
05358,Düren,Landkreis,2015,3136
05358,Düren,Landkreis,2016,3172
05358,Düren,Landkreis,2017,3236
05362,Rhein-Erft-Kreis,Landkreis,2014,3074
05362,Rhein-Erft-Kreis,Landkreis,2015,3110
05362,Rhein-Erft-Kreis,Landkreis,2016,3129
05362,Rhein-Erft-Kreis,Landkreis,2017,3188
05366,Euskirchen,Landkreis,2014,2914
05366,Euskirchen,Landkreis,2015,2945
05366,Euskirchen,Landkreis,2016,3010
05366,Euskirchen,Landkreis,2017,3079
05370,Heinsberg,Landkreis,2014,2779
05370,Heinsberg,Landkreis,2015,2826
05370,Heinsberg,Landkreis,2016,2855
05370,Heinsberg,Landkreis,2017,2926
05374,Oberbergischer Kreis,Landkreis,2014,3142
05374,Oberbergischer Kreis,Landkreis,2015,3193
05374,Oberbergischer Kreis,Landkreis,2016,3240
05374,Oberbergischer Kreis,Landkreis,2017,3320
05378,Rheinisch-Bergischer Kreis,Landkreis,2014,3040
05378,Rheinisch-Bergischer Kreis,Landkreis,2015,3086
05378,Rheinisch-Bergischer Kreis,Landkreis,2016,3125
05378,Rheinisch-Bergischer Kreis,Landkreis,2017,3192
05382,Rhein-Sieg-Kreis,Landkreis,2014,2914
05382,Rhein-Sieg-Kreis,Landkreis,2015,2965
05382,Rhein-Sieg-Kreis,Landkreis,2016,3000
05382,Rhein-Sieg-Kreis,Landkreis,2017,3082
05512,"Bottrop, Stadt",krsfr. Stadt,2014,3064
05512,"Bottrop, Stadt",krsfr. Stadt,2015,3120
05512,"Bottrop, Stadt",krsfr. Stadt,2016,3140
05512,"Bottrop, Stadt",krsfr. Stadt,2017,3149
05513,"Gelsenkirchen, Stadt",krsfr. Stadt,2014,3074
05513,"Gelsenkirchen, Stadt",krsfr. Stadt,2015,3132
05513,"Gelsenkirchen, Stadt",krsfr. Stadt,2016,3184
05513,"Gelsenkirchen, Stadt",krsfr. Stadt,2017,3242
05515,"Münster, Stadt",krsfr. Stadt,2014,3241
05515,"Münster, Stadt",krsfr. Stadt,2015,3297
05515,"Münster, Stadt",krsfr. Stadt,2016,3349
05515,"Münster, Stadt",krsfr. Stadt,2017,3432
05554,Borken,Landkreis,2014,2940
05554,Borken,Landkreis,2015,2991
05554,Borken,Landkreis,2016,3024
05554,Borken,Landkreis,2017,3091
05558,Coesfeld,Landkreis,2014,2825
05558,Coesfeld,Landkreis,2015,2870
05558,Coesfeld,Landkreis,2016,2921
05558,Coesfeld,Landkreis,2017,3000
05562,Recklinghausen,Landkreis,2014,2995
05562,Recklinghausen,Landkreis,2015,3025
05562,Recklinghausen,Landkreis,2016,3054
05562,Recklinghausen,Landkreis,2017,3127
05566,Steinfurt,Landkreis,2014,2839
05566,Steinfurt,Landkreis,2015,2874
05566,Steinfurt,Landkreis,2016,2917
05566,Steinfurt,Landkreis,2017,2976
05570,Warendorf,Landkreis,2014,3043
05570,Warendorf,Landkreis,2015,3098
05570,Warendorf,Landkreis,2016,3134
05570,Warendorf,Landkreis,2017,3201
05711,"Bielefeld, Stadt",krsfr. Stadt,2014,3137
05711,"Bielefeld, Stadt",krsfr. Stadt,2015,3192
05711,"Bielefeld, Stadt",krsfr. Stadt,2016,3226
05711,"Bielefeld, Stadt",krsfr. Stadt,2017,3310
05754,Gütersloh,Landkreis,2014,3041
05754,Gütersloh,Landkreis,2015,3070
05754,Gütersloh,Landkreis,2016,3114
05754,Gütersloh,Landkreis,2017,3177
05758,Herford,Landkreis,2014,2885
05758,Herford,Landkreis,2015,2952
05758,Herford,Landkreis,2016,2986
05758,Herford,Landkreis,2017,3055
05762,Höxter,Landkreis,2014,2769
05762,Höxter,Landkreis,2015,2811
05762,Höxter,Landkreis,2016,2849
05762,Höxter,Landkreis,2017,2901
05766,Lippe,Landkreis,2014,2996
05766,Lippe,Landkreis,2015,3057
05766,Lippe,Landkreis,2016,3116
05766,Lippe,Landkreis,2017,3185
05770,Minden-Lübbecke,Landkreis,2014,2908
05770,Minden-Lübbecke,Landkreis,2015,2966
05770,Minden-Lübbecke,Landkreis,2016,3006
05770,Minden-Lübbecke,Landkreis,2017,3097
05774,Paderborn,Landkreis,2014,2919
05774,Paderborn,Landkreis,2015,2975
05774,Paderborn,Landkreis,2016,3001
05774,Paderborn,Landkreis,2017,3077
05911,"Bochum, Stadt",krsfr. Stadt,2014,3168
05911,"Bochum, Stadt",krsfr. Stadt,2015,3173
05911,"Bochum, Stadt",krsfr. Stadt,2016,3199
05911,"Bochum, Stadt",krsfr. Stadt,2017,3273
05913,"Dortmund, Stadt",krsfr. Stadt,2014,3181
05913,"Dortmund, Stadt",krsfr. Stadt,2015,3237
05913,"Dortmund, Stadt",krsfr. Stadt,2016,3269
05913,"Dortmund, Stadt",krsfr. Stadt,2017,3315
05914,"Hagen, Stadt",krsfr. Stadt,2014,3151
05914,"Hagen, Stadt",krsfr. Stadt,2015,3187
05914,"Hagen, Stadt",krsfr. Stadt,2016,3201
05914,"Hagen, Stadt",krsfr. Stadt,2017,3267
05915,"Hamm, Stadt",krsfr. Stadt,2014,2903
05915,"Hamm, Stadt",krsfr. Stadt,2015,2946
05915,"Hamm, Stadt",krsfr. Stadt,2016,2958
05915,"Hamm, Stadt",krsfr. Stadt,2017,3022
05916,"Herne, Stadt",krsfr. Stadt,2014,3132
05916,"Herne, Stadt",krsfr. Stadt,2015,3180
05916,"Herne, Stadt",krsfr. Stadt,2016,3232
05916,"Herne, Stadt",krsfr. Stadt,2017,3295
05954,Ennepe-Ruhr-Kreis,Landkreis,2014,3130
05954,Ennepe-Ruhr-Kreis,Landkreis,2015,3160
05954,Ennepe-Ruhr-Kreis,Landkreis,2016,3173
05954,Ennepe-Ruhr-Kreis,Landkreis,2017,3267
05958,Hochsauerlandkreis,Landkreis,2014,3017
05958,Hochsauerlandkreis,Landkreis,2015,3066
05958,Hochsauerlandkreis,Landkreis,2016,3114
05958,Hochsauerlandkreis,Landkreis,2017,3186
05962,Märkischer Kreis,Landkreis,2014,3125
05962,Märkischer Kreis,Landkreis,2015,3188
05962,Märkischer Kreis,Landkreis,2016,3237
05962,Märkischer Kreis,Landkreis,2017,3314
05966,Olpe,Landkreis,2014,3115
05966,Olpe,Landkreis,2015,3172
05966,Olpe,Landkreis,2016,3216
05966,Olpe,Landkreis,2017,3290
05970,Siegen-Wittgenstein,Landkreis,2014,3250
05970,Siegen-Wittgenstein,Landkreis,2015,3300
05970,Siegen-Wittgenstein,Landkreis,2016,3335
05970,Siegen-Wittgenstein,Landkreis,2017,3418
05974,Soest,Landkreis,2014,2986
05974,Soest,Landkreis,2015,3045
05974,Soest,Landkreis,2016,3095
05974,Soest,Landkreis,2017,3174
05978,Unna,Landkreis,2014,2827
05978,Unna,Landkreis,2015,2859
05978,Unna,Landkreis,2016,2897
05978,Unna,Landkreis,2017,2948
06411,"Darmstadt, Stadt",krsfr. Stadt,2014,3914
06411,"Darmstadt, Stadt",krsfr. Stadt,2015,3955
06411,"Darmstadt, Stadt",krsfr. Stadt,2016,4071
06411,"Darmstadt, Stadt",krsfr. Stadt,2017,4185
06412,"Frankfurt am Main, Stadt",krsfr. Stadt,2014,3956
06412,"Frankfurt am Main, Stadt",krsfr. Stadt,2015,4027
06412,"Frankfurt am Main, Stadt",krsfr. Stadt,2016,4085
06412,"Frankfurt am Main, Stadt",krsfr. Stadt,2017,4182
06413,"Offenbach am Main, Stadt",krsfr. Stadt,2014,3426
06413,"Offenbach am Main, Stadt",krsfr. Stadt,2015,3470
06413,"Offenbach am Main, Stadt",krsfr. Stadt,2016,3417
06413,"Offenbach am Main, Stadt",krsfr. Stadt,2017,3450
06414,"Wiesbaden, Stadt",krsfr. Stadt,2014,3576
06414,"Wiesbaden, Stadt",krsfr. Stadt,2015,3639
06414,"Wiesbaden, Stadt",krsfr. Stadt,2016,3698
06414,"Wiesbaden, Stadt",krsfr. Stadt,2017,3758
06431,Bergstraße,Landkreis,2014,2884
06431,Bergstraße,Landkreis,2015,2935
06431,Bergstraße,Landkreis,2016,2979
06431,Bergstraße,Landkreis,2017,3029
06432,Darmstadt-Dieburg,Landkreis,2014,2947
06432,Darmstadt-Dieburg,Landkreis,2015,3010
06432,Darmstadt-Dieburg,Landkreis,2016,3062
06432,Darmstadt-Dieburg,Landkreis,2017,3131
06433,Groß-Gerau,Landkreis,2014,3548
06433,Groß-Gerau,Landkreis,2015,3590
06433,Groß-Gerau,Landkreis,2016,3625
06433,Groß-Gerau,Landkreis,2017,3687
06434,Hochtaunuskreis,Landkreis,2014,3709
06434,Hochtaunuskreis,Landkreis,2015,3795
06434,Hochtaunuskreis,Landkreis,2016,3880
06434,Hochtaunuskreis,Landkreis,2017,4024
06435,Main-Kinzig-Kreis,Landkreis,2014,3015
06435,Main-Kinzig-Kreis,Landkreis,2015,3045
06435,Main-Kinzig-Kreis,Landkreis,2016,3064
06435,Main-Kinzig-Kreis,Landkreis,2017,3134
06436,Main-Taunus-Kreis,Landkreis,2014,3892
06436,Main-Taunus-Kreis,Landkreis,2015,3944
06436,Main-Taunus-Kreis,Landkreis,2016,3949
06436,Main-Taunus-Kreis,Landkreis,2017,4061
06437,Odenwaldkreis,Landkreis,2014,2792
06437,Odenwaldkreis,Landkreis,2015,2844
06437,Odenwaldkreis,Landkreis,2016,2880
06437,Odenwaldkreis,Landkreis,2017,2958
06438,Offenbach,Landkreis,2014,3301
06438,Offenbach,Landkreis,2015,3371
06438,Offenbach,Landkreis,2016,3408
06438,Offenbach,Landkreis,2017,3477
06439,Rheingau-Taunus-Kreis,Landkreis,2014,3008
06439,Rheingau-Taunus-Kreis,Landkreis,2015,3049
06439,Rheingau-Taunus-Kreis,Landkreis,2016,3099
06439,Rheingau-Taunus-Kreis,Landkreis,2017,3172
06440,Wetteraukreis,Landkreis,2014,2992
06440,Wetteraukreis,Landkreis,2015,3048
06440,Wetteraukreis,Landkreis,2016,3086
06440,Wetteraukreis,Landkreis,2017,3156
06531,Gießen,Landkreis,2014,3063
06531,Gießen,Landkreis,2015,3119
06531,Gießen,Landkreis,2016,3165
06531,Gießen,Landkreis,2017,3237
06532,Lahn-Dill-Kreis,Landkreis,2014,3122
06532,Lahn-Dill-Kreis,Landkreis,2015,3159
06532,Lahn-Dill-Kreis,Landkreis,2016,3220
06532,Lahn-Dill-Kreis,Landkreis,2017,3300
06533,Limburg-Weilburg,Landkreis,2014,2816
06533,Limburg-Weilburg,Landkreis,2015,2863
06533,Limburg-Weilburg,Landkreis,2016,2927
06533,Limburg-Weilburg,Landkreis,2017,2982
06534,Marburg-Biedenkopf,Landkreis,2014,3130
06534,Marburg-Biedenkopf,Landkreis,2015,3197
06534,Marburg-Biedenkopf,Landkreis,2016,3255
06534,Marburg-Biedenkopf,Landkreis,2017,3331
06535,Vogelsbergkreis,Landkreis,2014,2794
06535,Vogelsbergkreis,Landkreis,2015,2846
06535,Vogelsbergkreis,Landkreis,2016,2887
06535,Vogelsbergkreis,Landkreis,2017,2954
06611,"Kassel, Stadt",krsfr. Stadt,2014,3245
06611,"Kassel, Stadt",krsfr. Stadt,2015,3287
06611,"Kassel, Stadt",krsfr. Stadt,2016,3342
06611,"Kassel, Stadt",krsfr. Stadt,2017,3397
06631,Fulda,Landkreis,2014,2772
06631,Fulda,Landkreis,2015,2829
06631,Fulda,Landkreis,2016,2875
06631,Fulda,Landkreis,2017,2947
06632,Hersfeld-Rotenburg,Landkreis,2014,2716
06632,Hersfeld-Rotenburg,Landkreis,2015,2786
06632,Hersfeld-Rotenburg,Landkreis,2016,2760
06632,Hersfeld-Rotenburg,Landkreis,2017,2848
06633,Kassel,Landkreis,2014,3300
06633,Kassel,Landkreis,2015,3407
06633,Kassel,Landkreis,2016,3476
06633,Kassel,Landkreis,2017,3474
06634,Schwalm-Eder-Kreis,Landkreis,2014,2847
06634,Schwalm-Eder-Kreis,Landkreis,2015,2908
06634,Schwalm-Eder-Kreis,Landkreis,2016,2937
06634,Schwalm-Eder-Kreis,Landkreis,2017,3013
06635,Waldeck-Frankenberg,Landkreis,2014,2890
06635,Waldeck-Frankenberg,Landkreis,2015,2941
06635,Waldeck-Frankenberg,Landkreis,2016,2998
06635,Waldeck-Frankenberg,Landkreis,2017,3071
06636,Werra-Meißner-Kreis,Landkreis,2014,2688
06636,Werra-Meißner-Kreis,Landkreis,2015,2732
06636,Werra-Meißner-Kreis,Landkreis,2016,2764
06636,Werra-Meißner-Kreis,Landkreis,2017,2821
07111,"Koblenz, Stadt",krsfr. Stadt,2014,3171
07111,"Koblenz, Stadt",krsfr. Stadt,2015,3244
07111,"Koblenz, Stadt",krsfr. Stadt,2016,3281
07111,"Koblenz, Stadt",krsfr. Stadt,2017,3354
07131,Ahrweiler,Landkreis,2014,2753
07131,Ahrweiler,Landkreis,2015,2814
07131,Ahrweiler,Landkreis,2016,2858
07131,Ahrweiler,Landkreis,2017,2928
07132,Altenkirchen (Westerwald),Landkreis,2014,2854
07132,Altenkirchen (Westerwald),Landkreis,2015,2919
07132,Altenkirchen (Westerwald),Landkreis,2016,2984
07132,Altenkirchen (Westerwald),Landkreis,2017,3059
07133,Bad Kreuznach,Landkreis,2014,2941
07133,Bad Kreuznach,Landkreis,2015,2994
07133,Bad Kreuznach,Landkreis,2016,3073
07133,Bad Kreuznach,Landkreis,2017,3141
07134,Birkenfeld,Landkreis,2014,2714
07134,Birkenfeld,Landkreis,2015,2764
07134,Birkenfeld,Landkreis,2016,2811
07134,Birkenfeld,Landkreis,2017,2858
07135,Cochem-Zell,Landkreis,2014,2707
07135,Cochem-Zell,Landkreis,2015,2763
07135,Cochem-Zell,Landkreis,2016,2808
07135,Cochem-Zell,Landkreis,2017,2876
07137,Mayen-Koblenz,Landkreis,2014,2794
07137,Mayen-Koblenz,Landkreis,2015,2859
07137,Mayen-Koblenz,Landkreis,2016,2899
07137,Mayen-Koblenz,Landkreis,2017,2978
07138,Neuwied,Landkreis,2014,2945
07138,Neuwied,Landkreis,2015,2980
07138,Neuwied,Landkreis,2016,3024
07138,Neuwied,Landkreis,2017,3114
07140,Rhein-Hunsrück-Kreis,Landkreis,2014,2830
07140,Rhein-Hunsrück-Kreis,Landkreis,2015,2873
07140,Rhein-Hunsrück-Kreis,Landkreis,2016,2967
07140,Rhein-Hunsrück-Kreis,Landkreis,2017,3032
07141,Rhein-Lahn-Kreis,Landkreis,2014,2839
07141,Rhein-Lahn-Kreis,Landkreis,2015,2897
07141,Rhein-Lahn-Kreis,Landkreis,2016,2950
07141,Rhein-Lahn-Kreis,Landkreis,2017,3018
07143,Westerwaldkreis,Landkreis,2014,2810
07143,Westerwaldkreis,Landkreis,2015,2855
07143,Westerwaldkreis,Landkreis,2016,2887
07143,Westerwaldkreis,Landkreis,2017,2958
07211,"Trier, Stadt",krsfr. Stadt,2014,2992
07211,"Trier, Stadt",krsfr. Stadt,2015,3054
07211,"Trier, Stadt",krsfr. Stadt,2016,3078
07211,"Trier, Stadt",krsfr. Stadt,2017,3153
07231,Bernkastel-Wittlich,Landkreis,2014,2759
07231,Bernkastel-Wittlich,Landkreis,2015,2805
07231,Bernkastel-Wittlich,Landkreis,2016,2853
07231,Bernkastel-Wittlich,Landkreis,2017,2894
07232,Eifelkreis Bitburg-Prüm,Landkreis,2014,2901
07232,Eifelkreis Bitburg-Prüm,Landkreis,2015,2970
07232,Eifelkreis Bitburg-Prüm,Landkreis,2016,3023
07232,Eifelkreis Bitburg-Prüm,Landkreis,2017,3119
07233,Vulkaneifel,Landkreis,2014,2743
07233,Vulkaneifel,Landkreis,2015,2800
07233,Vulkaneifel,Landkreis,2016,2859
07233,Vulkaneifel,Landkreis,2017,2948
07235,Trier-Saarburg,Landkreis,2014,2729
07235,Trier-Saarburg,Landkreis,2015,2773
07235,Trier-Saarburg,Landkreis,2016,2848
07235,Trier-Saarburg,Landkreis,2017,2899
07311,"Frankenthal (Pfalz), Stadt",krsfr. Stadt,2014,3445
07311,"Frankenthal (Pfalz), Stadt",krsfr. Stadt,2015,3420
07311,"Frankenthal (Pfalz), Stadt",krsfr. Stadt,2016,3416
07311,"Frankenthal (Pfalz), Stadt",krsfr. Stadt,2017,3487
07312,"Kaiserslautern, Stadt",krsfr. Stadt,2014,3240
07312,"Kaiserslautern, Stadt",krsfr. Stadt,2015,3287
07312,"Kaiserslautern, Stadt",krsfr. Stadt,2016,3341
07312,"Kaiserslautern, Stadt",krsfr. Stadt,2017,3407
07313,"Landau in der Pfalz, Stadt",krsfr. Stadt,2014,2841
07313,"Landau in der Pfalz, Stadt",krsfr. Stadt,2015,2881
07313,"Landau in der Pfalz, Stadt",krsfr. Stadt,2016,2975
07313,"Landau in der Pfalz, Stadt",krsfr. Stadt,2017,3051
07314,"Ludwigshafen am Rhein, Stadt",krsfr. Stadt,2014,4330
07314,"Ludwigshafen am Rhein, Stadt",krsfr. Stadt,2015,4491
07314,"Ludwigshafen am Rhein, Stadt",krsfr. Stadt,2016,4430
07314,"Ludwigshafen am Rhein, Stadt",krsfr. Stadt,2017,4534
07315,"Mainz, Stadt",krsfr. Stadt,2014,3410
07315,"Mainz, Stadt",krsfr. Stadt,2015,3466
07315,"Mainz, Stadt",krsfr. Stadt,2016,3493
07315,"Mainz, Stadt",krsfr. Stadt,2017,3554
07316,"Neustadt an der Weinstraße, Stadt",krsfr. Stadt,2014,2745
07316,"Neustadt an der Weinstraße, Stadt",krsfr. Stadt,2015,2789
07316,"Neustadt an der Weinstraße, Stadt",krsfr. Stadt,2016,2835
07316,"Neustadt an der Weinstraße, Stadt",krsfr. Stadt,2017,2933
07317,"Pirmasens, Stadt",krsfr. Stadt,2014,2876
07317,"Pirmasens, Stadt",krsfr. Stadt,2015,2935
07317,"Pirmasens, Stadt",krsfr. Stadt,2016,2976
07317,"Pirmasens, Stadt",krsfr. Stadt,2017,3031
07318,"Speyer, Stadt",krsfr. Stadt,2014,3176
07318,"Speyer, Stadt",krsfr. Stadt,2015,3258
07318,"Speyer, Stadt",krsfr. Stadt,2016,3308
07318,"Speyer, Stadt",krsfr. Stadt,2017,3346
07319,"Worms, Stadt",krsfr. Stadt,2014,2966
07319,"Worms, Stadt",krsfr. Stadt,2015,3024
07319,"Worms, Stadt",krsfr. Stadt,2016,3049
07319,"Worms, Stadt",krsfr. Stadt,2017,3102
07320,"Zweibrücken, Stadt",krsfr. Stadt,2014,3188
07320,"Zweibrücken, Stadt",krsfr. Stadt,2015,3248
07320,"Zweibrücken, Stadt",krsfr. Stadt,2016,3297
07320,"Zweibrücken, Stadt",krsfr. Stadt,2017,3348
07331,Alzey-Worms,Landkreis,2014,2800
07331,Alzey-Worms,Landkreis,2015,2762
07331,Alzey-Worms,Landkreis,2016,2783
07331,Alzey-Worms,Landkreis,2017,2848
07332,Bad Dürkheim,Landkreis,2014,2797
07332,Bad Dürkheim,Landkreis,2015,2837
07332,Bad Dürkheim,Landkreis,2016,2878
07332,Bad Dürkheim,Landkreis,2017,2947
07333,Donnersbergkreis,Landkreis,2014,3197
07333,Donnersbergkreis,Landkreis,2015,3287
07333,Donnersbergkreis,Landkreis,2016,3367
07333,Donnersbergkreis,Landkreis,2017,3393
07334,Germersheim,Landkreis,2014,3623
07334,Germersheim,Landkreis,2015,3727
07334,Germersheim,Landkreis,2016,3799
07334,Germersheim,Landkreis,2017,3836
07335,Kaiserslautern,Landkreis,2014,2736
07335,Kaiserslautern,Landkreis,2015,2794
07335,Kaiserslautern,Landkreis,2016,2836
07335,Kaiserslautern,Landkreis,2017,2892
07336,Kusel,Landkreis,2014,2716
07336,Kusel,Landkreis,2015,2757
07336,Kusel,Landkreis,2016,2819
07336,Kusel,Landkreis,2017,2895
07337,Südliche Weinstraße,Landkreis,2014,2779
07337,Südliche Weinstraße,Landkreis,2015,2835
07337,Südliche Weinstraße,Landkreis,2016,2890
07337,Südliche Weinstraße,Landkreis,2017,2986
07338,Rhein-Pfalz-Kreis,Landkreis,2014,2695
07338,Rhein-Pfalz-Kreis,Landkreis,2015,2753
07338,Rhein-Pfalz-Kreis,Landkreis,2016,2805
07338,Rhein-Pfalz-Kreis,Landkreis,2017,2851
07339,Mainz-Bingen,Landkreis,2014,3158
07339,Mainz-Bingen,Landkreis,2015,3216
07339,Mainz-Bingen,Landkreis,2016,3269
07339,Mainz-Bingen,Landkreis,2017,3333
07340,Südwestpfalz,Landkreis,2014,2478
07340,Südwestpfalz,Landkreis,2015,2553
07340,Südwestpfalz,Landkreis,2016,2583
07340,Südwestpfalz,Landkreis,2017,2642
08111,"Stuttgart, Stadt",krsfr. Stadt,2014,4055
08111,"Stuttgart, Stadt",krsfr. Stadt,2015,4140
08111,"Stuttgart, Stadt",krsfr. Stadt,2016,4242
08111,"Stuttgart, Stadt",krsfr. Stadt,2017,4351
08115,Böblingen,Landkreis,2014,4287
08115,Böblingen,Landkreis,2015,4402
08115,Böblingen,Landkreis,2016,4513
08115,Böblingen,Landkreis,2017,4596
08116,Esslingen,Landkreis,2014,3544
08116,Esslingen,Landkreis,2015,3608
08116,Esslingen,Landkreis,2016,3649
08116,Esslingen,Landkreis,2017,3740
08117,Göppingen,Landkreis,2014,3234
08117,Göppingen,Landkreis,2015,3297
08117,Göppingen,Landkreis,2016,3352
08117,Göppingen,Landkreis,2017,3428
08118,Ludwigsburg,Landkreis,2014,3455
08118,Ludwigsburg,Landkreis,2015,3525
08118,Ludwigsburg,Landkreis,2016,3585
08118,Ludwigsburg,Landkreis,2017,3676
08119,Rems-Murr-Kreis,Landkreis,2014,3242
08119,Rems-Murr-Kreis,Landkreis,2015,3303
08119,Rems-Murr-Kreis,Landkreis,2016,3343
08119,Rems-Murr-Kreis,Landkreis,2017,3425
08121,"Heilbronn, Stadt",krsfr. Stadt,2014,3175
08121,"Heilbronn, Stadt",krsfr. Stadt,2015,3208
08121,"Heilbronn, Stadt",krsfr. Stadt,2016,3259
08121,"Heilbronn, Stadt",krsfr. Stadt,2017,3372
08125,Heilbronn,Landkreis,2014,3501
08125,Heilbronn,Landkreis,2015,3598
08125,Heilbronn,Landkreis,2016,3695
08125,Heilbronn,Landkreis,2017,3771
08126,Hohenlohekreis,Landkreis,2014,3319
08126,Hohenlohekreis,Landkreis,2015,3394
08126,Hohenlohekreis,Landkreis,2016,3456
08126,Hohenlohekreis,Landkreis,2017,3559
08127,Schwäbisch Hall,Landkreis,2014,3110
08127,Schwäbisch Hall,Landkreis,2015,3178
08127,Schwäbisch Hall,Landkreis,2016,3202
08127,Schwäbisch Hall,Landkreis,2017,3283
08128,Main-Tauber-Kreis,Landkreis,2014,3013
08128,Main-Tauber-Kreis,Landkreis,2015,3085
08128,Main-Tauber-Kreis,Landkreis,2016,3117
08128,Main-Tauber-Kreis,Landkreis,2017,3189
08135,Heidenheim,Landkreis,2014,3407
08135,Heidenheim,Landkreis,2015,3471
08135,Heidenheim,Landkreis,2016,3523
08135,Heidenheim,Landkreis,2017,3580
08136,Ostalbkreis,Landkreis,2014,3437
08136,Ostalbkreis,Landkreis,2015,3511
08136,Ostalbkreis,Landkreis,2016,3572
08136,Ostalbkreis,Landkreis,2017,3672
08211,"Baden-Baden, Stadt",krsfr. Stadt,2014,3142
08211,"Baden-Baden, Stadt",krsfr. Stadt,2015,3191
08211,"Baden-Baden, Stadt",krsfr. Stadt,2016,3216
08211,"Baden-Baden, Stadt",krsfr. Stadt,2017,3303
08212,"Karlsruhe, Stadt",krsfr. Stadt,2014,3495
08212,"Karlsruhe, Stadt",krsfr. Stadt,2015,3538
08212,"Karlsruhe, Stadt",krsfr. Stadt,2016,3593
08212,"Karlsruhe, Stadt",krsfr. Stadt,2017,3682
08215,Karlsruhe,Landkreis,2014,3124
08215,Karlsruhe,Landkreis,2015,3206
08215,Karlsruhe,Landkreis,2016,3248
08215,Karlsruhe,Landkreis,2017,3341
08216,Rastatt,Landkreis,2014,3566
08216,Rastatt,Landkreis,2015,3660
08216,Rastatt,Landkreis,2016,3704
08216,Rastatt,Landkreis,2017,3764
08221,"Heidelberg, Stadt",krsfr. Stadt,2014,3457
08221,"Heidelberg, Stadt",krsfr. Stadt,2015,3550
08221,"Heidelberg, Stadt",krsfr. Stadt,2016,3625
08221,"Heidelberg, Stadt",krsfr. Stadt,2017,3718
08222,"Mannheim, Stadt",krsfr. Stadt,2014,3653
08222,"Mannheim, Stadt",krsfr. Stadt,2015,3710
08222,"Mannheim, Stadt",krsfr. Stadt,2016,3753
08222,"Mannheim, Stadt",krsfr. Stadt,2017,3829
08225,Neckar-Odenwald-Kreis,Landkreis,2014,2983
08225,Neckar-Odenwald-Kreis,Landkreis,2015,3028
08225,Neckar-Odenwald-Kreis,Landkreis,2016,3085
08225,Neckar-Odenwald-Kreis,Landkreis,2017,3148
08226,Rhein-Neckar-Kreis,Landkreis,2014,3352
08226,Rhein-Neckar-Kreis,Landkreis,2015,3405
08226,Rhein-Neckar-Kreis,Landkreis,2016,3436
08226,Rhein-Neckar-Kreis,Landkreis,2017,3517
08231,"Pforzheim, Stadt",Landkreis,2014,3063
08231,"Pforzheim, Stadt",Landkreis,2015,3148
08231,"Pforzheim, Stadt",Landkreis,2016,3187
08231,"Pforzheim, Stadt",Landkreis,2017,3249
08235,Calw,Landkreis,2014,3000
08235,Calw,Landkreis,2015,3060
08235,Calw,Landkreis,2016,3130
08235,Calw,Landkreis,2017,3187
08236,Enzkreis,Landkreis,2014,3117
08236,Enzkreis,Landkreis,2015,3169
08236,Enzkreis,Landkreis,2016,3208
08236,Enzkreis,Landkreis,2017,3275
08237,Freudenstadt,Landkreis,2014,3188
08237,Freudenstadt,Landkreis,2015,3253
08237,Freudenstadt,Landkreis,2016,3318
08237,Freudenstadt,Landkreis,2017,3396
08311,"Freiburg im Breisgau, Stadt",krsfr. Stadt,2014,3267
08311,"Freiburg im Breisgau, Stadt",krsfr. Stadt,2015,3338
08311,"Freiburg im Breisgau, Stadt",krsfr. Stadt,2016,3399
08311,"Freiburg im Breisgau, Stadt",krsfr. Stadt,2017,3471
08315,Breisgau-Hochschwarzwald,Landkreis,2014,2899
08315,Breisgau-Hochschwarzwald,Landkreis,2015,2939
08315,Breisgau-Hochschwarzwald,Landkreis,2016,3000
08315,Breisgau-Hochschwarzwald,Landkreis,2017,3086
08316,Emmendingen,Landkreis,2014,2997
08316,Emmendingen,Landkreis,2015,3059
08316,Emmendingen,Landkreis,2016,3125
08316,Emmendingen,Landkreis,2017,3203
08317,Ortenaukreis,Landkreis,2014,3028
08317,Ortenaukreis,Landkreis,2015,3081
08317,Ortenaukreis,Landkreis,2016,3126
08317,Ortenaukreis,Landkreis,2017,3189
08325,Rottweil,Landkreis,2014,3182
08325,Rottweil,Landkreis,2015,3243
08325,Rottweil,Landkreis,2016,3299
08325,Rottweil,Landkreis,2017,3382
08326,Schwarzwald-Baar-Kreis,Landkreis,2014,3064
08326,Schwarzwald-Baar-Kreis,Landkreis,2015,3135
08326,Schwarzwald-Baar-Kreis,Landkreis,2016,3189
08326,Schwarzwald-Baar-Kreis,Landkreis,2017,3271
08327,Tuttlingen,Landkreis,2014,3284
08327,Tuttlingen,Landkreis,2015,3350
08327,Tuttlingen,Landkreis,2016,3404
08327,Tuttlingen,Landkreis,2017,3493
08335,Konstanz,Landkreis,2014,3064
08335,Konstanz,Landkreis,2015,3124
08335,Konstanz,Landkreis,2016,3175
08335,Konstanz,Landkreis,2017,3267
08336,Lörrach,Landkreis,2014,3191
08336,Lörrach,Landkreis,2015,3254
08336,Lörrach,Landkreis,2016,3301
08336,Lörrach,Landkreis,2017,3382
08337,Waldshut,Landkreis,2014,2950
08337,Waldshut,Landkreis,2015,3016
08337,Waldshut,Landkreis,2016,3070
08337,Waldshut,Landkreis,2017,3117
08415,Reutlingen,Landkreis,2014,3301
08415,Reutlingen,Landkreis,2015,3353
08415,Reutlingen,Landkreis,2016,3412
08415,Reutlingen,Landkreis,2017,3496
08416,Tübingen,Landkreis,2014,3248
08416,Tübingen,Landkreis,2015,3336
08416,Tübingen,Landkreis,2016,3403
08416,Tübingen,Landkreis,2017,3484
08417,Zollernalbkreis,Landkreis,2014,3066
08417,Zollernalbkreis,Landkreis,2015,3123
08417,Zollernalbkreis,Landkreis,2016,3184
08417,Zollernalbkreis,Landkreis,2017,3261
08421,"Ulm, Stadt",krsfr. Stadt,2014,3439
08421,"Ulm, Stadt",krsfr. Stadt,2015,3516
08421,"Ulm, Stadt",krsfr. Stadt,2016,3574
08421,"Ulm, Stadt",krsfr. Stadt,2017,3650
08425,Alb-Donau-Kreis,Landkreis,2014,3099
08425,Alb-Donau-Kreis,Landkreis,2015,3139
08425,Alb-Donau-Kreis,Landkreis,2016,3172
08425,Alb-Donau-Kreis,Landkreis,2017,3239
08426,Biberach,Landkreis,2014,3467
08426,Biberach,Landkreis,2015,3544
08426,Biberach,Landkreis,2016,3619
08426,Biberach,Landkreis,2017,3716
08435,Bodenseekreis,Landkreis,2014,3672
08435,Bodenseekreis,Landkreis,2015,3760
08435,Bodenseekreis,Landkreis,2016,3827
08435,Bodenseekreis,Landkreis,2017,3896
08436,Ravensburg,Landkreis,2014,3062
08436,Ravensburg,Landkreis,2015,3119
08436,Ravensburg,Landkreis,2016,3173
08436,Ravensburg,Landkreis,2017,3250
08437,Sigmaringen,Landkreis,2014,3128
08437,Sigmaringen,Landkreis,2015,3191
08437,Sigmaringen,Landkreis,2016,3244
08437,Sigmaringen,Landkreis,2017,3288
09161,"Ingolstadt, Stadt",krsfr. Stadt,2014,4425
09161,"Ingolstadt, Stadt",krsfr. Stadt,2015,4545
09161,"Ingolstadt, Stadt",krsfr. Stadt,2016,4579
09161,"Ingolstadt, Stadt",krsfr. Stadt,2017,4635
09162,"München, Stadt",krsfr. Stadt,2014,3879
09162,"München, Stadt",krsfr. Stadt,2015,3965
09162,"München, Stadt",krsfr. Stadt,2016,4033
09162,"München, Stadt",krsfr. Stadt,2017,4169
09163,"Rosenheim, Stadt",krsfr. Stadt,2014,3131
09163,"Rosenheim, Stadt",krsfr. Stadt,2015,3201
09163,"Rosenheim, Stadt",krsfr. Stadt,2016,3219
09163,"Rosenheim, Stadt",krsfr. Stadt,2017,3291
09171,Altötting,Landkreis,2014,3404
09171,Altötting,Landkreis,2015,3430
09171,Altötting,Landkreis,2016,3450
09171,Altötting,Landkreis,2017,3524
09172,Berchtesgadener Land,Landkreis,2014,2729
09172,Berchtesgadener Land,Landkreis,2015,2783
09172,Berchtesgadener Land,Landkreis,2016,2840
09172,Berchtesgadener Land,Landkreis,2017,2923
09173,Bad Tölz-Wolfratshausen,Landkreis,2014,2933
09173,Bad Tölz-Wolfratshausen,Landkreis,2015,2990
09173,Bad Tölz-Wolfratshausen,Landkreis,2016,3033
09173,Bad Tölz-Wolfratshausen,Landkreis,2017,3104
09174,Dachau,Landkreis,2014,2942
09174,Dachau,Landkreis,2015,2982
09174,Dachau,Landkreis,2016,3020
09174,Dachau,Landkreis,2017,3085
09175,Ebersberg,Landkreis,2014,2974
09175,Ebersberg,Landkreis,2015,3024
09175,Ebersberg,Landkreis,2016,3060
09175,Ebersberg,Landkreis,2017,3103
09176,Eichstätt,Landkreis,2014,3019
09176,Eichstätt,Landkreis,2015,3100
09176,Eichstätt,Landkreis,2016,3150
09176,Eichstätt,Landkreis,2017,3219
09177,Erding,Landkreis,2014,2821
09177,Erding,Landkreis,2015,2882
09177,Erding,Landkreis,2016,2871
09177,Erding,Landkreis,2017,2936
09178,Freising,Landkreis,2014,3228
09178,Freising,Landkreis,2015,3278
09178,Freising,Landkreis,2016,3368
09178,Freising,Landkreis,2017,3440
09179,Fürstenfeldbruck,Landkreis,2014,3040
09179,Fürstenfeldbruck,Landkreis,2015,3087
09179,Fürstenfeldbruck,Landkreis,2016,3136
09179,Fürstenfeldbruck,Landkreis,2017,3164
09180,Garmisch-Partenkirchen,Landkreis,2014,2660
09180,Garmisch-Partenkirchen,Landkreis,2015,2730
09180,Garmisch-Partenkirchen,Landkreis,2016,2770
09180,Garmisch-Partenkirchen,Landkreis,2017,2843
09181,Landsberg am Lech,Landkreis,2014,3056
09181,Landsberg am Lech,Landkreis,2015,3138
09181,Landsberg am Lech,Landkreis,2016,3209
09181,Landsberg am Lech,Landkreis,2017,3308
09182,Miesbach,Landkreis,2014,2893
09182,Miesbach,Landkreis,2015,2952
09182,Miesbach,Landkreis,2016,3004
09182,Miesbach,Landkreis,2017,3099
09183,Mühldorf a.Inn,Landkreis,2014,2933
09183,Mühldorf a.Inn,Landkreis,2015,2988
09183,Mühldorf a.Inn,Landkreis,2016,3002
09183,Mühldorf a.Inn,Landkreis,2017,3074
09184,München,Landkreis,2014,4016
09184,München,Landkreis,2015,4080
09184,München,Landkreis,2016,4151
09184,München,Landkreis,2017,4227
09185,Neuburg-Schrobenhausen,Landkreis,2014,2952
09185,Neuburg-Schrobenhausen,Landkreis,2015,3039
09185,Neuburg-Schrobenhausen,Landkreis,2016,3073
09185,Neuburg-Schrobenhausen,Landkreis,2017,3209
09186,Pfaffenhofen a.d.Ilm,Landkreis,2014,3135
09186,Pfaffenhofen a.d.Ilm,Landkreis,2015,3177
09186,Pfaffenhofen a.d.Ilm,Landkreis,2016,3210
09186,Pfaffenhofen a.d.Ilm,Landkreis,2017,3282
09187,Rosenheim,Landkreis,2014,2822
09187,Rosenheim,Landkreis,2015,2873
09187,Rosenheim,Landkreis,2016,2935
09187,Rosenheim,Landkreis,2017,3023
09188,Starnberg,Landkreis,2014,3400
09188,Starnberg,Landkreis,2015,3488
09188,Starnberg,Landkreis,2016,3545
09188,Starnberg,Landkreis,2017,3656
09189,Traunstein,Landkreis,2014,3030
09189,Traunstein,Landkreis,2015,3102
09189,Traunstein,Landkreis,2016,3160
09189,Traunstein,Landkreis,2017,3249
09190,Weilheim-Schongau,Landkreis,2014,3306
09190,Weilheim-Schongau,Landkreis,2015,3375
09190,Weilheim-Schongau,Landkreis,2016,3426
09190,Weilheim-Schongau,Landkreis,2017,3509
09261,"Landshut, Stadt",krsfr. Stadt,2014,2941
09261,"Landshut, Stadt",krsfr. Stadt,2015,3040
09261,"Landshut, Stadt",krsfr. Stadt,2016,3089
09261,"Landshut, Stadt",krsfr. Stadt,2017,3140
09262,"Passau, Stadt",krsfr. Stadt,2014,3121
09262,"Passau, Stadt",krsfr. Stadt,2015,3192
09262,"Passau, Stadt",krsfr. Stadt,2016,3217
09262,"Passau, Stadt",krsfr. Stadt,2017,3265
09263,"Straubing, Stadt",krsfr. Stadt,2014,2859
09263,"Straubing, Stadt",krsfr. Stadt,2015,2904
09263,"Straubing, Stadt",krsfr. Stadt,2016,2934
09263,"Straubing, Stadt",krsfr. Stadt,2017,3007
09271,Deggendorf,Landkreis,2014,2873
09271,Deggendorf,Landkreis,2015,2926
09271,Deggendorf,Landkreis,2016,2988
09271,Deggendorf,Landkreis,2017,3056
09272,Freyung-Grafenau,Landkreis,2014,2573
09272,Freyung-Grafenau,Landkreis,2015,2645
09272,Freyung-Grafenau,Landkreis,2016,2691
09272,Freyung-Grafenau,Landkreis,2017,2773
09273,Kelheim,Landkreis,2014,2928
09273,Kelheim,Landkreis,2015,2985
09273,Kelheim,Landkreis,2016,3027
09273,Kelheim,Landkreis,2017,3094
09274,Landshut,Landkreis,2014,2948
09274,Landshut,Landkreis,2015,2998
09274,Landshut,Landkreis,2016,3054
09274,Landshut,Landkreis,2017,3096
09275,Passau,Landkreis,2014,2598
09275,Passau,Landkreis,2015,2649
09275,Passau,Landkreis,2016,2685
09275,Passau,Landkreis,2017,2749
09276,Regen,Landkreis,2014,2702
09276,Regen,Landkreis,2015,2757
09276,Regen,Landkreis,2016,2828
09276,Regen,Landkreis,2017,2888
09277,Rottal-Inn,Landkreis,2014,2644
09277,Rottal-Inn,Landkreis,2015,2685
09277,Rottal-Inn,Landkreis,2016,2728
09277,Rottal-Inn,Landkreis,2017,2796
09278,Straubing-Bogen,Landkreis,2014,2696
09278,Straubing-Bogen,Landkreis,2015,2790
09278,Straubing-Bogen,Landkreis,2016,2777
09278,Straubing-Bogen,Landkreis,2017,2834
09279,Dingolfing-Landau,Landkreis,2014,3779
09279,Dingolfing-Landau,Landkreis,2015,3778
09279,Dingolfing-Landau,Landkreis,2016,3792
09279,Dingolfing-Landau,Landkreis,2017,3911
09361,"Amberg, Stadt",krsfr. Stadt,2014,3204
09361,"Amberg, Stadt",krsfr. Stadt,2015,3285
09361,"Amberg, Stadt",krsfr. Stadt,2016,3331
09361,"Amberg, Stadt",krsfr. Stadt,2017,3416
09362,"Regensburg, Stadt",krsfr. Stadt,2014,3454
09362,"Regensburg, Stadt",krsfr. Stadt,2015,3503
09362,"Regensburg, Stadt",krsfr. Stadt,2016,3577
09362,"Regensburg, Stadt",krsfr. Stadt,2017,3676
09363,"Weiden i.d.OPf., Stadt",krsfr. Stadt,2014,2684
09363,"Weiden i.d.OPf., Stadt",krsfr. Stadt,2015,2742
09363,"Weiden i.d.OPf., Stadt",krsfr. Stadt,2016,2756
09363,"Weiden i.d.OPf., Stadt",krsfr. Stadt,2017,2823
09371,Amberg-Sulzbach,Landkreis,2014,2940
09371,Amberg-Sulzbach,Landkreis,2015,3003
09371,Amberg-Sulzbach,Landkreis,2016,3067
09371,Amberg-Sulzbach,Landkreis,2017,3107
09372,Cham,Landkreis,2014,2608
09372,Cham,Landkreis,2015,2708
09372,Cham,Landkreis,2016,2760
09372,Cham,Landkreis,2017,2821
09373,Neumarkt i.d.OPf.,Landkreis,2014,2989
09373,Neumarkt i.d.OPf.,Landkreis,2015,3043
09373,Neumarkt i.d.OPf.,Landkreis,2016,3105
09373,Neumarkt i.d.OPf.,Landkreis,2017,3182
09374,Neustadt a.d.Waldnaab,Landkreis,2014,2776
09374,Neustadt a.d.Waldnaab,Landkreis,2015,2851
09374,Neustadt a.d.Waldnaab,Landkreis,2016,2880
09374,Neustadt a.d.Waldnaab,Landkreis,2017,2942
09375,Regensburg,Landkreis,2014,2951
09375,Regensburg,Landkreis,2015,3003
09375,Regensburg,Landkreis,2016,3031
09375,Regensburg,Landkreis,2017,3111
09376,Schwandorf,Landkreis,2014,2783
09376,Schwandorf,Landkreis,2015,2846
09376,Schwandorf,Landkreis,2016,2915
09376,Schwandorf,Landkreis,2017,2965
09377,Tirschenreuth,Landkreis,2014,2759
09377,Tirschenreuth,Landkreis,2015,2775
09377,Tirschenreuth,Landkreis,2016,2829
09377,Tirschenreuth,Landkreis,2017,2887
09461,"Bamberg, Stadt",krsfr. Stadt,2014,3159
09461,"Bamberg, Stadt",krsfr. Stadt,2015,3235
09461,"Bamberg, Stadt",krsfr. Stadt,2016,3304
09461,"Bamberg, Stadt",krsfr. Stadt,2017,3367
09462,"Bayreuth, Stadt",krsfr. Stadt,2014,3012
09462,"Bayreuth, Stadt",krsfr. Stadt,2015,3058
09462,"Bayreuth, Stadt",krsfr. Stadt,2016,3111
09462,"Bayreuth, Stadt",krsfr. Stadt,2017,3137
09463,"Coburg, Stadt",krsfr. Stadt,2014,3281
09463,"Coburg, Stadt",krsfr. Stadt,2015,3374
09463,"Coburg, Stadt",krsfr. Stadt,2016,3421
09463,"Coburg, Stadt",krsfr. Stadt,2017,3551
09464,"Hof, Stadt",krsfr. Stadt,2014,2508
09464,"Hof, Stadt",krsfr. Stadt,2015,2567
09464,"Hof, Stadt",krsfr. Stadt,2016,2607
09464,"Hof, Stadt",krsfr. Stadt,2017,2668
09471,Bamberg,Landkreis,2014,2715
09471,Bamberg,Landkreis,2015,2763
09471,Bamberg,Landkreis,2016,2821
09471,Bamberg,Landkreis,2017,2888
09472,Bayreuth,Landkreis,2014,2677
09472,Bayreuth,Landkreis,2015,2724
09472,Bayreuth,Landkreis,2016,2759
09472,Bayreuth,Landkreis,2017,2849
09473,Coburg,Landkreis,2014,2483
09473,Coburg,Landkreis,2015,2533
09473,Coburg,Landkreis,2016,2583
09473,Coburg,Landkreis,2017,2655
09474,Forchheim,Landkreis,2014,2856
09474,Forchheim,Landkreis,2015,2924
09474,Forchheim,Landkreis,2016,2990
09474,Forchheim,Landkreis,2017,3088
09475,Hof,Landkreis,2014,2539
09475,Hof,Landkreis,2015,2592
09475,Hof,Landkreis,2016,2634
09475,Hof,Landkreis,2017,2698
09476,Kronach,Landkreis,2014,2529
09476,Kronach,Landkreis,2015,2588
09476,Kronach,Landkreis,2016,2662
09476,Kronach,Landkreis,2017,2745
09477,Kulmbach,Landkreis,2014,2772
09477,Kulmbach,Landkreis,2015,2821
09477,Kulmbach,Landkreis,2016,2879
09477,Kulmbach,Landkreis,2017,2956
09478,Lichtenfels,Landkreis,2014,2509
09478,Lichtenfels,Landkreis,2015,2578
09478,Lichtenfels,Landkreis,2016,2651
09478,Lichtenfels,Landkreis,2017,2724
09479,Wunsiedel i.Fichtelgebirge,Landkreis,2014,2754
09479,Wunsiedel i.Fichtelgebirge,Landkreis,2015,2829
09479,Wunsiedel i.Fichtelgebirge,Landkreis,2016,2850
09479,Wunsiedel i.Fichtelgebirge,Landkreis,2017,2887
09561,"Ansbach, Stadt",krsfr. Stadt,2014,3005
09561,"Ansbach, Stadt",krsfr. Stadt,2015,3042
09561,"Ansbach, Stadt",krsfr. Stadt,2016,3097
09561,"Ansbach, Stadt",krsfr. Stadt,2017,3171
09562,"Erlangen, Stadt",krsfr. Stadt,2014,4366
09562,"Erlangen, Stadt",krsfr. Stadt,2015,4486
09562,"Erlangen, Stadt",krsfr. Stadt,2016,4530
09562,"Erlangen, Stadt",krsfr. Stadt,2017,4633
09563,"Fürth, Stadt",krsfr. Stadt,2014,3086
09563,"Fürth, Stadt",krsfr. Stadt,2015,3102
09563,"Fürth, Stadt",krsfr. Stadt,2016,3174
09563,"Fürth, Stadt",krsfr. Stadt,2017,3221
09564,"Nürnberg, Stadt",krsfr. Stadt,2014,3317
09564,"Nürnberg, Stadt",krsfr. Stadt,2015,3372
09564,"Nürnberg, Stadt",krsfr. Stadt,2016,3402
09564,"Nürnberg, Stadt",krsfr. Stadt,2017,3470
09565,"Schwabach, Stadt",krsfr. Stadt,2014,2833
09565,"Schwabach, Stadt",krsfr. Stadt,2015,2886
09565,"Schwabach, Stadt",krsfr. Stadt,2016,2939
09565,"Schwabach, Stadt",krsfr. Stadt,2017,3011
09571,Ansbach,Landkreis,2014,2700
09571,Ansbach,Landkreis,2015,2746
09571,Ansbach,Landkreis,2016,2800
09571,Ansbach,Landkreis,2017,2865
09572,Erlangen-Höchstadt,Landkreis,2014,3590
09572,Erlangen-Höchstadt,Landkreis,2015,3718
09572,Erlangen-Höchstadt,Landkreis,2016,3798
09572,Erlangen-Höchstadt,Landkreis,2017,3953
09573,Fürth,Landkreis,2014,2683
09573,Fürth,Landkreis,2015,2716
09573,Fürth,Landkreis,2016,2782
09573,Fürth,Landkreis,2017,2862
09574,Nürnberger Land,Landkreis,2014,2955
09574,Nürnberger Land,Landkreis,2015,3021
09574,Nürnberger Land,Landkreis,2016,3069
09574,Nürnberger Land,Landkreis,2017,3143
09575,Neustadt a.d.Aisch-Bad Windsheim,Landkreis,2014,2596
09575,Neustadt a.d.Aisch-Bad Windsheim,Landkreis,2015,2637
09575,Neustadt a.d.Aisch-Bad Windsheim,Landkreis,2016,2693
09575,Neustadt a.d.Aisch-Bad Windsheim,Landkreis,2017,2765
09576,Roth,Landkreis,2014,2798
09576,Roth,Landkreis,2015,2848
09576,Roth,Landkreis,2016,2901
09576,Roth,Landkreis,2017,2975
09577,Weißenburg-Gunzenhausen,Landkreis,2014,2894
09577,Weißenburg-Gunzenhausen,Landkreis,2015,2956
09577,Weißenburg-Gunzenhausen,Landkreis,2016,2983
09577,Weißenburg-Gunzenhausen,Landkreis,2017,3029
09661,"Aschaffenburg, Stadt",krsfr. Stadt,2014,3157
09661,"Aschaffenburg, Stadt",krsfr. Stadt,2015,3203
09661,"Aschaffenburg, Stadt",krsfr. Stadt,2016,3238
09661,"Aschaffenburg, Stadt",krsfr. Stadt,2017,3327
09662,"Schweinfurt, Stadt",krsfr. Stadt,2014,3697
09662,"Schweinfurt, Stadt",krsfr. Stadt,2015,3833
09662,"Schweinfurt, Stadt",krsfr. Stadt,2016,3854
09662,"Schweinfurt, Stadt",krsfr. Stadt,2017,3962
09663,"Würzburg, Stadt",krsfr. Stadt,2014,3129
09663,"Würzburg, Stadt",krsfr. Stadt,2015,3190
09663,"Würzburg, Stadt",krsfr. Stadt,2016,3236
09663,"Würzburg, Stadt",krsfr. Stadt,2017,3317
09671,Aschaffenburg,Landkreis,2014,2956
09671,Aschaffenburg,Landkreis,2015,2996
09671,Aschaffenburg,Landkreis,2016,3040
09671,Aschaffenburg,Landkreis,2017,3070
09672,Bad Kissingen,Landkreis,2014,2726
09672,Bad Kissingen,Landkreis,2015,2784
09672,Bad Kissingen,Landkreis,2016,2822
09672,Bad Kissingen,Landkreis,2017,2887
09673,Rhön-Grabfeld,Landkreis,2014,2882
09673,Rhön-Grabfeld,Landkreis,2015,2975
09673,Rhön-Grabfeld,Landkreis,2016,3027
09673,Rhön-Grabfeld,Landkreis,2017,3117
09674,Haßberge,Landkreis,2014,2923
09674,Haßberge,Landkreis,2015,2981
09674,Haßberge,Landkreis,2016,3029
09674,Haßberge,Landkreis,2017,3128
09675,Kitzingen,Landkreis,2014,2872
09675,Kitzingen,Landkreis,2015,2946
09675,Kitzingen,Landkreis,2016,2989
09675,Kitzingen,Landkreis,2017,3064
09676,Miltenberg,Landkreis,2014,2965
09676,Miltenberg,Landkreis,2015,3005
09676,Miltenberg,Landkreis,2016,3041
09676,Miltenberg,Landkreis,2017,3108
09677,Main-Spessart,Landkreis,2014,3233
09677,Main-Spessart,Landkreis,2015,3294
09677,Main-Spessart,Landkreis,2016,3326
09677,Main-Spessart,Landkreis,2017,3400
09678,Schweinfurt,Landkreis,2014,2573
09678,Schweinfurt,Landkreis,2015,2646
09678,Schweinfurt,Landkreis,2016,2666
09678,Schweinfurt,Landkreis,2017,2709
09679,Würzburg,Landkreis,2014,2763
09679,Würzburg,Landkreis,2015,2860
09679,Würzburg,Landkreis,2016,2908
09679,Würzburg,Landkreis,2017,2980
09761,"Augsburg, Stadt",krsfr. Stadt,2014,3319
09761,"Augsburg, Stadt",krsfr. Stadt,2015,3380
09761,"Augsburg, Stadt",krsfr. Stadt,2016,3448
09761,"Augsburg, Stadt",krsfr. Stadt,2017,3550
09762,"Kaufbeuren, Stadt",krsfr. Stadt,2014,2875
09762,"Kaufbeuren, Stadt",krsfr. Stadt,2015,2920
09762,"Kaufbeuren, Stadt",krsfr. Stadt,2016,2966
09762,"Kaufbeuren, Stadt",krsfr. Stadt,2017,3064
09763,"Kempten (Allgäu), Stadt",krsfr. Stadt,2014,2990
09763,"Kempten (Allgäu), Stadt",krsfr. Stadt,2015,3045
09763,"Kempten (Allgäu), Stadt",krsfr. Stadt,2016,3081
09763,"Kempten (Allgäu), Stadt",krsfr. Stadt,2017,3161
09764,"Memmingen, Stadt",krsfr. Stadt,2014,3071
09764,"Memmingen, Stadt",krsfr. Stadt,2015,3146
09764,"Memmingen, Stadt",krsfr. Stadt,2016,3179
09764,"Memmingen, Stadt",krsfr. Stadt,2017,3259
09771,Aichach-Friedberg,Landkreis,2014,2820
09771,Aichach-Friedberg,Landkreis,2015,2878
09771,Aichach-Friedberg,Landkreis,2016,2909
09771,Aichach-Friedberg,Landkreis,2017,2973
09772,Augsburg,Landkreis,2014,2790
09772,Augsburg,Landkreis,2015,2841
09772,Augsburg,Landkreis,2016,2859
09772,Augsburg,Landkreis,2017,2922
09773,Dillingen a.d.Donau,Landkreis,2014,2961
09773,Dillingen a.d.Donau,Landkreis,2015,3040
09773,Dillingen a.d.Donau,Landkreis,2016,3074
09773,Dillingen a.d.Donau,Landkreis,2017,3140
09774,Günzburg,Landkreis,2014,2958
09774,Günzburg,Landkreis,2015,3010
09774,Günzburg,Landkreis,2016,3052
09774,Günzburg,Landkreis,2017,3116
09775,Neu-Ulm,Landkreis,2014,3227
09775,Neu-Ulm,Landkreis,2015,3285
09775,Neu-Ulm,Landkreis,2016,3326
09775,Neu-Ulm,Landkreis,2017,3392
09776,Lindau (Bodensee),Landkreis,2014,3143
09776,Lindau (Bodensee),Landkreis,2015,3210
09776,Lindau (Bodensee),Landkreis,2016,3265
09776,Lindau (Bodensee),Landkreis,2017,3334
09777,Ostallgäu,Landkreis,2014,3014
09777,Ostallgäu,Landkreis,2015,3085
09777,Ostallgäu,Landkreis,2016,3150
09777,Ostallgäu,Landkreis,2017,3231
09778,Unterallgäu,Landkreis,2014,3070
09778,Unterallgäu,Landkreis,2015,3137
09778,Unterallgäu,Landkreis,2016,3198
09778,Unterallgäu,Landkreis,2017,3297
09779,Donau-Ries,Landkreis,2014,3151
09779,Donau-Ries,Landkreis,2015,3227
09779,Donau-Ries,Landkreis,2016,3278
09779,Donau-Ries,Landkreis,2017,3368
09780,Oberallgäu,Landkreis,2014,2760
09780,Oberallgäu,Landkreis,2015,2826
09780,Oberallgäu,Landkreis,2016,2878
09780,Oberallgäu,Landkreis,2017,2978
10041,Regionalverband Saarbrücken,Landkreis,2014,3259
10041,Regionalverband Saarbrücken,Landkreis,2015,3306
10041,Regionalverband Saarbrücken,Landkreis,2016,3347
10041,Regionalverband Saarbrücken,Landkreis,2017,3431
10042,Merzig-Wadern,Landkreis,2014,2831
10042,Merzig-Wadern,Landkreis,2015,2878
10042,Merzig-Wadern,Landkreis,2016,2943
10042,Merzig-Wadern,Landkreis,2017,3028
10043,Neunkirchen,Landkreis,2014,3021
10043,Neunkirchen,Landkreis,2015,3072
10043,Neunkirchen,Landkreis,2016,3128
10043,Neunkirchen,Landkreis,2017,3190
10044,Saarlouis,Landkreis,2014,3050
10044,Saarlouis,Landkreis,2015,3112
10044,Saarlouis,Landkreis,2016,3206
10044,Saarlouis,Landkreis,2017,3268
10045,Saarpfalz-Kreis,Landkreis,2014,3321
10045,Saarpfalz-Kreis,Landkreis,2015,3382
10045,Saarpfalz-Kreis,Landkreis,2016,3421
10045,Saarpfalz-Kreis,Landkreis,2017,3494
10046,St. Wendel,Landkreis,2014,2907
10046,St. Wendel,Landkreis,2015,2977
10046,St. Wendel,Landkreis,2016,3039
10046,St. Wendel,Landkreis,2017,3102
11000,"Berlin, Stadt",krsfr. Stadt,2014,2905
11000,"Berlin, Stadt",krsfr. Stadt,2015,2976
11000,"Berlin, Stadt",krsfr. Stadt,2016,3024
11000,"Berlin, Stadt",krsfr. Stadt,2017,3126
12051,"Brandenburg an der Havel, Stadt",krsfr. Stadt,2014,2492
12051,"Brandenburg an der Havel, Stadt",krsfr. Stadt,2015,2561
12051,"Brandenburg an der Havel, Stadt",krsfr. Stadt,2016,2642
12051,"Brandenburg an der Havel, Stadt",krsfr. Stadt,2017,2765
12052,"Cottbus, Stadt",krsfr. Stadt,2014,2535
12052,"Cottbus, Stadt",krsfr. Stadt,2015,2588
12052,"Cottbus, Stadt",krsfr. Stadt,2016,2605
12052,"Cottbus, Stadt",krsfr. Stadt,2017,2653
12053,"Frankfurt (Oder), Stadt",krsfr. Stadt,2014,2566
12053,"Frankfurt (Oder), Stadt",krsfr. Stadt,2015,2619
12053,"Frankfurt (Oder), Stadt",krsfr. Stadt,2016,2662
12053,"Frankfurt (Oder), Stadt",krsfr. Stadt,2017,2692
12054,"Potsdam, Stadt",krsfr. Stadt,2014,2759
12054,"Potsdam, Stadt",krsfr. Stadt,2015,2814
12054,"Potsdam, Stadt",krsfr. Stadt,2016,2892
12054,"Potsdam, Stadt",krsfr. Stadt,2017,2979
12060,Barnim,Landkreis,2014,2223
12060,Barnim,Landkreis,2015,2270
12060,Barnim,Landkreis,2016,2318
12060,Barnim,Landkreis,2017,2402
12061,Dahme-Spreewald,Landkreis,2014,2329
12061,Dahme-Spreewald,Landkreis,2015,2396
12061,Dahme-Spreewald,Landkreis,2016,2442
12061,Dahme-Spreewald,Landkreis,2017,2518
12062,Elbe-Elster,Landkreis,2014,1999
12062,Elbe-Elster,Landkreis,2015,2060
12062,Elbe-Elster,Landkreis,2016,2121
12062,Elbe-Elster,Landkreis,2017,2215
12063,Havelland,Landkreis,2014,2012
12063,Havelland,Landkreis,2015,2104
12063,Havelland,Landkreis,2016,2159
12063,Havelland,Landkreis,2017,2227
12064,Märkisch-Oderland,Landkreis,2014,2222
12064,Märkisch-Oderland,Landkreis,2015,2293
12064,Märkisch-Oderland,Landkreis,2016,2343
12064,Märkisch-Oderland,Landkreis,2017,2408
12065,Oberhavel,Landkreis,2014,2361
12065,Oberhavel,Landkreis,2015,2437
12065,Oberhavel,Landkreis,2016,2495
12065,Oberhavel,Landkreis,2017,2591
12066,Oberspreewald-Lausitz,Landkreis,2014,2275
12066,Oberspreewald-Lausitz,Landkreis,2015,2333
12066,Oberspreewald-Lausitz,Landkreis,2016,2452
12066,Oberspreewald-Lausitz,Landkreis,2017,2490
12067,Oder-Spree,Landkreis,2014,2303
12067,Oder-Spree,Landkreis,2015,2378
12067,Oder-Spree,Landkreis,2016,2450
12067,Oder-Spree,Landkreis,2017,2532
12068,Ostprignitz-Ruppin,Landkreis,2014,2095
12068,Ostprignitz-Ruppin,Landkreis,2015,2188
12068,Ostprignitz-Ruppin,Landkreis,2016,2229
12068,Ostprignitz-Ruppin,Landkreis,2017,2310
12069,Potsdam-Mittelmark,Landkreis,2014,2225
12069,Potsdam-Mittelmark,Landkreis,2015,2301
12069,Potsdam-Mittelmark,Landkreis,2016,2378
12069,Potsdam-Mittelmark,Landkreis,2017,2479
12070,Prignitz,Landkreis,2014,2042
12070,Prignitz,Landkreis,2015,2108
12070,Prignitz,Landkreis,2016,2143
12070,Prignitz,Landkreis,2017,2239
12071,Spree-Neiße,Landkreis,2014,2335
12071,Spree-Neiße,Landkreis,2015,2431
12071,Spree-Neiße,Landkreis,2016,2473
12071,Spree-Neiße,Landkreis,2017,2532
12072,Teltow-Fläming,Landkreis,2014,2307
12072,Teltow-Fläming,Landkreis,2015,2387
12072,Teltow-Fläming,Landkreis,2016,2410
12072,Teltow-Fläming,Landkreis,2017,2441
12073,Uckermark,Landkreis,2014,2109
12073,Uckermark,Landkreis,2015,2184
12073,Uckermark,Landkreis,2016,2251
12073,Uckermark,Landkreis,2017,2334
13003,"Rostock, Stadt",krsfr. Stadt,2014,2577
13003,"Rostock, Stadt",krsfr. Stadt,2015,2618
13003,"Rostock, Stadt",krsfr. Stadt,2016,2689
13003,"Rostock, Stadt",krsfr. Stadt,2017,2763
13004,"Schwerin, Stadt",krsfr. Stadt,2014,2620
13004,"Schwerin, Stadt",krsfr. Stadt,2015,2665
13004,"Schwerin, Stadt",krsfr. Stadt,2016,2725
13004,"Schwerin, Stadt",krsfr. Stadt,2017,2795
13071,Mecklenburgische Seenplatte,Landkreis,2014,2126
13071,Mecklenburgische Seenplatte,Landkreis,2015,2194
13071,Mecklenburgische Seenplatte,Landkreis,2016,2251
13071,Mecklenburgische Seenplatte,Landkreis,2017,2325
13072,Landkreis Rostock,Landkreis,2014,2043
13072,Landkreis Rostock,Landkreis,2015,2104
13072,Landkreis Rostock,Landkreis,2016,2159
13072,Landkreis Rostock,Landkreis,2017,2239
13073,Vorpommern-Rügen,Landkreis,2014,1993
13073,Vorpommern-Rügen,Landkreis,2015,2057
13073,Vorpommern-Rügen,Landkreis,2016,2103
13073,Vorpommern-Rügen,Landkreis,2017,2194
13074,Nordwestmecklenburg,Landkreis,2014,2287
13074,Nordwestmecklenburg,Landkreis,2015,2352
13074,Nordwestmecklenburg,Landkreis,2016,2405
13074,Nordwestmecklenburg,Landkreis,2017,2495
13075,Vorpommern-Greifswald,Landkreis,2014,2060
13075,Vorpommern-Greifswald,Landkreis,2015,2134
13075,Vorpommern-Greifswald,Landkreis,2016,2171
13075,Vorpommern-Greifswald,Landkreis,2017,2244
13076,Ludwigslust-Parchim,Landkreis,2014,2088
13076,Ludwigslust-Parchim,Landkreis,2015,2144
13076,Ludwigslust-Parchim,Landkreis,2016,2208
13076,Ludwigslust-Parchim,Landkreis,2017,2295
14511,"Chemnitz, Stadt",krsfr. Stadt,2014,2421
14511,"Chemnitz, Stadt",krsfr. Stadt,2015,2482
14511,"Chemnitz, Stadt",krsfr. Stadt,2016,2553
14511,"Chemnitz, Stadt",krsfr. Stadt,2017,2633
14521,Erzgebirgskreis,Landkreis,2014,1962
14521,Erzgebirgskreis,Landkreis,2015,2036
14521,Erzgebirgskreis,Landkreis,2016,2106
14521,Erzgebirgskreis,Landkreis,2017,2191
14522,Mittelsachsen,Landkreis,2014,2038
14522,Mittelsachsen,Landkreis,2015,2111
14522,Mittelsachsen,Landkreis,2016,2168
14522,Mittelsachsen,Landkreis,2017,2243
14523,Vogtlandkreis,Landkreis,2014,2031
14523,Vogtlandkreis,Landkreis,2015,2095
14523,Vogtlandkreis,Landkreis,2016,2158
14523,Vogtlandkreis,Landkreis,2017,2241
14524,Zwickau,Landkreis,2014,2284
14524,Zwickau,Landkreis,2015,2351
14524,Zwickau,Landkreis,2016,2402
14524,Zwickau,Landkreis,2017,2484
14612,"Dresden, Stadt",krsfr. Stadt,2014,2782
14612,"Dresden, Stadt",krsfr. Stadt,2015,2859
14612,"Dresden, Stadt",krsfr. Stadt,2016,2903
14612,"Dresden, Stadt",krsfr. Stadt,2017,2987
14625,Bautzen,Landkreis,2014,2078
14625,Bautzen,Landkreis,2015,2134
14625,Bautzen,Landkreis,2016,2200
14625,Bautzen,Landkreis,2017,2283
14626,Görlitz,Landkreis,2014,2000
14626,Görlitz,Landkreis,2015,2068
14626,Görlitz,Landkreis,2016,2119
14626,Görlitz,Landkreis,2017,2183
14627,Meißen,Landkreis,2014,2209
14627,Meißen,Landkreis,2015,2273
14627,Meißen,Landkreis,2016,2324
14627,Meißen,Landkreis,2017,2418
14628,Sächsische Schweiz-Osterzgebirge,Landkreis,2014,2065
14628,Sächsische Schweiz-Osterzgebirge,Landkreis,2015,2148
14628,Sächsische Schweiz-Osterzgebirge,Landkreis,2016,2208
14628,Sächsische Schweiz-Osterzgebirge,Landkreis,2017,2298
14713,"Leipzig, Stadt",krsfr. Stadt,2014,2549
14713,"Leipzig, Stadt",krsfr. Stadt,2015,2644
14713,"Leipzig, Stadt",krsfr. Stadt,2016,2717
14713,"Leipzig, Stadt",krsfr. Stadt,2017,2807
14729,Leipzig,Landkreis,2014,2049
14729,Leipzig,Landkreis,2015,2118
14729,Leipzig,Landkreis,2016,2186
14729,Leipzig,Landkreis,2017,2275
14730,Nordsachsen,Landkreis,2014,2148
14730,Nordsachsen,Landkreis,2015,2230
14730,Nordsachsen,Landkreis,2016,2288
14730,Nordsachsen,Landkreis,2017,2371
15001,"Dessau-Roßlau, Stadt",krsfr. Stadt,2014,2427
15001,"Dessau-Roßlau, Stadt",krsfr. Stadt,2015,2512
15001,"Dessau-Roßlau, Stadt",krsfr. Stadt,2016,2557
15001,"Dessau-Roßlau, Stadt",krsfr. Stadt,2017,2664
15002,"Halle (Saale), Stadt",krsfr. Stadt,2014,2621
15002,"Halle (Saale), Stadt",krsfr. Stadt,2015,2671
15002,"Halle (Saale), Stadt",krsfr. Stadt,2016,2715
15002,"Halle (Saale), Stadt",krsfr. Stadt,2017,2806
15003,"Magdeburg, Stadt",krsfr. Stadt,2014,2543
15003,"Magdeburg, Stadt",krsfr. Stadt,2015,2617
15003,"Magdeburg, Stadt",krsfr. Stadt,2016,2667
15003,"Magdeburg, Stadt",krsfr. Stadt,2017,2760
15081,Altmarkkreis Salzwedel,Landkreis,2014,2046
15081,Altmarkkreis Salzwedel,Landkreis,2015,2132
15081,Altmarkkreis Salzwedel,Landkreis,2016,2187
15081,Altmarkkreis Salzwedel,Landkreis,2017,2266
15082,Anhalt-Bitterfeld,Landkreis,2014,2108
15082,Anhalt-Bitterfeld,Landkreis,2015,2173
15082,Anhalt-Bitterfeld,Landkreis,2016,2227
15082,Anhalt-Bitterfeld,Landkreis,2017,2321
15083,Börde,Landkreis,2014,2300
15083,Börde,Landkreis,2015,2362
15083,Börde,Landkreis,2016,2443
15083,Börde,Landkreis,2017,2513
15084,Burgenlandkreis,Landkreis,2014,2209
15084,Burgenlandkreis,Landkreis,2015,2273
15084,Burgenlandkreis,Landkreis,2016,2303
15084,Burgenlandkreis,Landkreis,2017,2383
15085,Harz,Landkreis,2014,2232
15085,Harz,Landkreis,2015,2301
15085,Harz,Landkreis,2016,2361
15085,Harz,Landkreis,2017,2450
15086,Jerichower Land,Landkreis,2014,2157
15086,Jerichower Land,Landkreis,2015,2223
15086,Jerichower Land,Landkreis,2016,2273
15086,Jerichower Land,Landkreis,2017,2352
15087,Mansfeld-Südharz,Landkreis,2014,2083
15087,Mansfeld-Südharz,Landkreis,2015,2166
15087,Mansfeld-Südharz,Landkreis,2016,2235
15087,Mansfeld-Südharz,Landkreis,2017,2324
15088,Saalekreis,Landkreis,2014,2336
15088,Saalekreis,Landkreis,2015,2385
15088,Saalekreis,Landkreis,2016,2452
15088,Saalekreis,Landkreis,2017,2528
15089,Salzlandkreis,Landkreis,2014,2250
15089,Salzlandkreis,Landkreis,2015,2317
15089,Salzlandkreis,Landkreis,2016,2370
15089,Salzlandkreis,Landkreis,2017,2449
15090,Stendal,Landkreis,2014,2144
15090,Stendal,Landkreis,2015,2224
15090,Stendal,Landkreis,2016,2270
15090,Stendal,Landkreis,2017,2358
15091,Wittenberg,Landkreis,2014,2088
15091,Wittenberg,Landkreis,2015,2149
15091,Wittenberg,Landkreis,2016,2219
15091,Wittenberg,Landkreis,2017,2293
16051,"Erfurt, Stadt",krsfr. Stadt,2014,2516
16051,"Erfurt, Stadt",krsfr. Stadt,2015,2551
16051,"Erfurt, Stadt",krsfr. Stadt,2016,2602
16051,"Erfurt, Stadt",krsfr. Stadt,2017,2679
16052,"Gera, Stadt",krsfr. Stadt,2014,2212
16052,"Gera, Stadt",krsfr. Stadt,2015,2273
16052,"Gera, Stadt",krsfr. Stadt,2016,2304
16052,"Gera, Stadt",krsfr. Stadt,2017,2390
16053,"Jena, Stadt",krsfr. Stadt,2014,2819
16053,"Jena, Stadt",krsfr. Stadt,2015,2898
16053,"Jena, Stadt",krsfr. Stadt,2016,2975
16053,"Jena, Stadt",krsfr. Stadt,2017,3066
16054,"Suhl, Stadt",krsfr. Stadt,2014,2323
16054,"Suhl, Stadt",krsfr. Stadt,2015,2393
16054,"Suhl, Stadt",krsfr. Stadt,2016,2458
16054,"Suhl, Stadt",krsfr. Stadt,2017,2540
16055,"Weimar, Stadt",krsfr. Stadt,2014,2638
16055,"Weimar, Stadt",krsfr. Stadt,2015,2724
16055,"Weimar, Stadt",krsfr. Stadt,2016,2800
16055,"Weimar, Stadt",krsfr. Stadt,2017,2902
16056,"Eisenach, Stadt",krsfr. Stadt,2014,2528
16056,"Eisenach, Stadt",krsfr. Stadt,2015,2618
16056,"Eisenach, Stadt",krsfr. Stadt,2016,2683
16056,"Eisenach, Stadt",krsfr. Stadt,2017,2721
16061,Eichsfeld,Landkreis,2014,2123
16061,Eichsfeld,Landkreis,2015,2203
16061,Eichsfeld,Landkreis,2016,2277
16061,Eichsfeld,Landkreis,2017,2360
16062,Nordhausen,Landkreis,2014,2269
16062,Nordhausen,Landkreis,2015,2334
16062,Nordhausen,Landkreis,2016,2406
16062,Nordhausen,Landkreis,2017,2467
16063,Wartburgkreis,Landkreis,2014,2244
16063,Wartburgkreis,Landkreis,2015,2311
16063,Wartburgkreis,Landkreis,2016,2389
16063,Wartburgkreis,Landkreis,2017,2514
16064,Unstrut-Hainich-Kreis,Landkreis,2014,2044
16064,Unstrut-Hainich-Kreis,Landkreis,2015,2098
16064,Unstrut-Hainich-Kreis,Landkreis,2016,2173
16064,Unstrut-Hainich-Kreis,Landkreis,2017,2242
16065,Kyffhäuserkreis,Landkreis,2014,2182
16065,Kyffhäuserkreis,Landkreis,2015,2259
16065,Kyffhäuserkreis,Landkreis,2016,2338
16065,Kyffhäuserkreis,Landkreis,2017,2427
16066,Schmalkalden-Meiningen,Landkreis,2014,2130
16066,Schmalkalden-Meiningen,Landkreis,2015,2197
16066,Schmalkalden-Meiningen,Landkreis,2016,2263
16066,Schmalkalden-Meiningen,Landkreis,2017,2352
16067,Gotha,Landkreis,2014,2229
16067,Gotha,Landkreis,2015,2294
16067,Gotha,Landkreis,2016,2378
16067,Gotha,Landkreis,2017,2468
16068,Sömmerda,Landkreis,2014,2101
16068,Sömmerda,Landkreis,2015,2181
16068,Sömmerda,Landkreis,2016,2257
16068,Sömmerda,Landkreis,2017,2388
16069,Hildburghausen,Landkreis,2014,2046
16069,Hildburghausen,Landkreis,2015,2115
16069,Hildburghausen,Landkreis,2016,2193
16069,Hildburghausen,Landkreis,2017,2311
16070,Ilm-Kreis,Landkreis,2014,2295
16070,Ilm-Kreis,Landkreis,2015,2370
16070,Ilm-Kreis,Landkreis,2016,2418
16070,Ilm-Kreis,Landkreis,2017,2509
16071,Weimarer Land,Landkreis,2014,2144
16071,Weimarer Land,Landkreis,2015,2221
16071,Weimarer Land,Landkreis,2016,2272
16071,Weimarer Land,Landkreis,2017,2372
16072,Sonneberg,Landkreis,2014,2140
16072,Sonneberg,Landkreis,2015,2205
16072,Sonneberg,Landkreis,2016,2271
16072,Sonneberg,Landkreis,2017,2362
16073,Saalfeld-Rudolstadt,Landkreis,2014,2245
16073,Saalfeld-Rudolstadt,Landkreis,2015,2307
16073,Saalfeld-Rudolstadt,Landkreis,2016,2357
16073,Saalfeld-Rudolstadt,Landkreis,2017,2466
16074,Saale-Holzland-Kreis,Landkreis,2014,2098
16074,Saale-Holzland-Kreis,Landkreis,2015,2159
16074,Saale-Holzland-Kreis,Landkreis,2016,2217
16074,Saale-Holzland-Kreis,Landkreis,2017,2288
16075,Saale-Orla-Kreis,Landkreis,2014,2047
16075,Saale-Orla-Kreis,Landkreis,2015,2097
16075,Saale-Orla-Kreis,Landkreis,2016,2154
16075,Saale-Orla-Kreis,Landkreis,2017,2253
16076,Greiz,Landkreis,2014,2033
16076,Greiz,Landkreis,2015,2084
16076,Greiz,Landkreis,2016,2153
16076,Greiz,Landkreis,2017,2233
16077,Altenburger Land,Landkreis,2014,2001
16077,Altenburger Land,Landkreis,2015,2069
16077,Altenburger Land,Landkreis,2016,2129
16077,Altenburger Land,Landkreis,2017,2218
